"Id","Path","Slice Name","Alias(s)","Label","Min","Max","Must Support?","Is Modifier?","Is Summary?","Type(s)","Short","Definition","Comments","Requirements","Default Value","Meaning When Missing","Fixed Value","Pattern","Example","Minimum Value","Maximum Value","Maximum Length","Binding Strength","Binding Description","Binding Value Set","Code","Slicing Discriminator","Slicing Description","Slicing Ordered","Slicing Rules","Base Path","Base Min","Base Max","Condition(s)","Constraint(s)","Mapping: Workflow Pattern","Mapping: FiveWs Pattern Mapping","Mapping: RIM Mapping"
"CommunicationRequest","CommunicationRequest","","","",0,*,"","","","","A request for information to be sent to a receiver","A request to convey information; e.g. the CDS system proposes that an alert be sent to a responsible provider, the CDS system proposes that the public health agency be notified about a reportable condition.","","","","","","","","","",,,,,"",,,,"CommunicationRequest",0,*,"","dom-2:If the resource is contained in another resource, it SHALL NOT contain nested Resources {contained.contained.empty()}
dom-3:If the resource is contained in another resource, it SHALL be referred to from elsewhere in the resource or SHALL refer to the containing resource {contained.where((('#'+id in (%resource.descendants().reference | %resource.descendants().as(canonical) | %resource.descendants().as(uri) | %resource.descendants().as(url))) or descendants().where(reference = '#').exists() or descendants().where(as(canonical) = '#').exists() or descendants().where(as(canonical) = '#').exists()).not()).trace('unmatched', id).empty()}dom-4:If a resource is contained in another resource, it SHALL NOT have a meta.versionId or a meta.lastUpdated {contained.meta.versionId.empty() and contained.meta.lastUpdated.empty()}dom-5:If a resource is contained in another resource, it SHALL NOT have a security label {contained.meta.security.empty()}dom-6:A resource should have narrative for robust management {text.`div`.exists()}","Request","Entity. Role, or Act"
"CommunicationRequest.id","CommunicationRequest.id","","","",0,1,"","","Y","string {[]} {[]}
","Logical id of this artifact","The logical id of the resource, as used in the URL for the resource. Once assigned, this value never changes.","The only time that a resource does not have an id is when it is being submitted to the server using a create operation.","","","","","","","","",,,,,"",,,,"Resource.id",0,1,"",""
"CommunicationRequest.meta","CommunicationRequest.meta","","","",0,1,"","","Y","Meta {[]} {[]}
","Metadata about the resource","The metadata about the resource. This is content that is maintained by the infrastructure. Changes to the content might not always be associated with version changes to the resource.","","","","","","","","","",,,,,"",,,,"Resource.meta",0,1,"","ele-1:All FHIR elements must have a @value or children {hasValue() or (children().count() > id.count())}
"
"CommunicationRequest.meta.id","CommunicationRequest.meta.id","","","",0,1,"","","","string {[]} {[]}
","Unique id for inter-element referencing","Unique id for the element within a resource (for internal references). This may be any string value that does not contain spaces.","","","","","","","","","",,,,,"",,,,"Element.id",0,1,"","","n/a"
"CommunicationRequest.meta.extension","CommunicationRequest.meta.extension","","extensions
user content","",0,*,"","","","Extension {[]} {[]}
","Additional content defined by implementations","May be used to represent additional information that is not part of the basic definition of the element. To make the use of extensions safe and manageable, there is a strict set of governance  applied to the definition and use of extensions. Though any implementer can define an extension, there is a set of requirements that SHALL be met as part of the definition of the extension.","There can be no stigma associated with the use of extensions by any application, project, or standard - regardless of the institution or jurisdiction that uses or defines the extensions.  The use of extensions is what allows the FHIR specification to retain a core level of simplicity for everyone.","","","","","","","","",,,,,"","value:url}
","Extensions are always sliced by (at least) url",,"open","Element.extension",0,*,"","ele-1:All FHIR elements must have a @value or children {hasValue() or (children().count() > id.count())}
ext-1:Must have either extensions or value[x], not both {extension.exists() != value.exists()}","n/a"
"CommunicationRequest.meta.versionId","CommunicationRequest.meta.versionId","","","",0,1,"","","Y","id {[]} {[]}
","Version specific identifier","The version specific identifier, as it appears in the version portion of the URL. This value changes when the resource is created, updated, or deleted.","The server assigns this value, and ignores what the client specifies, except in the case that the server is imposing version integrity on updates/deletes.","","","","","","","","",,,,,"",,,,"Meta.versionId",0,1,"","ele-1:All FHIR elements must have a @value or children {hasValue() or (children().count() > id.count())}
"
"CommunicationRequest.meta.lastUpdated","CommunicationRequest.meta.lastUpdated","","","",0,1,"","","Y","instant {[]} {[]}
","When the resource version last changed","When the resource last changed - e.g. when the version changed.","This value is always populated except when the resource is first being created. The server / resource manager sets this value; what a client provides is irrelevant. This is equivalent to the HTTP Last-Modified and SHOULD have the same value on a [read](http://hl7.org/fhir/R4/http.html#read) interaction.","","","","","","","","",,,,,"",,,,"Meta.lastUpdated",0,1,"","ele-1:All FHIR elements must have a @value or children {hasValue() or (children().count() > id.count())}
"
"CommunicationRequest.meta.source","CommunicationRequest.meta.source","","","",0,1,"","","Y","uri {[]} {[]}
","Identifies where the resource comes from","A uri that identifies the source system of the resource. This provides a minimal amount of [Provenance](http://hl7.org/fhir/R4/provenance.html#) information that can be used to track or differentiate the source of information in the resource. The source may identify another FHIR server, document, message, database, etc.","In the provenance resource, this corresponds to Provenance.entity.what[x]. The exact use of the source (and the implied Provenance.entity.role) is left to implementer discretion. Only one nominated source is allowed; for additional provenance details, a full Provenance resource should be used. 

This element can be used to indicate where the current master source of a resource that has a canonical URL if the resource is no longer hosted at the canonical URL.","","","","","","","","",,,,,"",,,,"Meta.source",0,1,"","ele-1:All FHIR elements must have a @value or children {hasValue() or (children().count() > id.count())}
"
"CommunicationRequest.meta.profile","CommunicationRequest.meta.profile","","","",1,*,"","","Y","canonical {[]} {[CanonicalType[http://hl7.org/fhir/StructureDefinition/StructureDefinition]]}
","Profiles this resource claims to conform to","A list of profiles (references to [StructureDefinition](http://hl7.org/fhir/R4/structuredefinition.html#) resources) that this resource claims to conform to. The URL is a reference to [StructureDefinition.url](http://hl7.org/fhir/R4/structuredefinition-definitions.html#StructureDefinition.url).","It is up to the server and/or other infrastructure of policy to determine whether/how these claims are verified and/or updated over time.  The list of profile URLs is a set.","","","","","","","","",,,,,"",,,,"Meta.profile",0,*,"","ele-1:All FHIR elements must have a @value or children {hasValue() or (children().count() > id.count())}
"
"CommunicationRequest.meta.security","CommunicationRequest.meta.security","","","",0,*,"","","Y","Coding {[]} {[]}
","Security Labels applied to this resource","Security labels applied to this resource. These tags connect specific resources to the overall security policy and infrastructure.","The security labels can be updated without changing the stated version of the resource. The list of security labels is a set. Uniqueness is based the system/code, and version and display are ignored.","","","","","","","","",,"extensible","Security Labels from the Healthcare Privacy and Security Classification System.","http://hl7.org/fhir/ValueSet/security-labels","",,,,"Meta.security",0,*,"","ele-1:All FHIR elements must have a @value or children {hasValue() or (children().count() > id.count())}
"
"CommunicationRequest.meta.tag","CommunicationRequest.meta.tag","","","",0,*,"","","Y","Coding {[]} {[]}
","Tags applied to this resource","Tags applied to this resource. Tags are intended to be used to identify and relate resources to process and workflow, and applications are not required to consider the tags when interpreting the meaning of a resource.","The tags can be updated without changing the stated version of the resource. The list of tags is a set. Uniqueness is based the system/code, and version and display are ignored.","","","","","","","","",,"example","Codes that represent various types of tags, commonly workflow-related; e.g. ""Needs review by Dr. Jones"".","http://hl7.org/fhir/ValueSet/common-tags","",,,,"Meta.tag",0,*,"","ele-1:All FHIR elements must have a @value or children {hasValue() or (children().count() > id.count())}
"
"CommunicationRequest.implicitRules","CommunicationRequest.implicitRules","","","",0,1,"","Y","Y","uri {[]} {[]}
","A set of rules under which this content was created","A reference to a set of rules that were followed when the resource was constructed, and which must be understood when processing the content. Often, this is a reference to an implementation guide that defines the special rules along with other profiles etc.","Asserting this rule set restricts the content to be only understood by a limited set of trading partners. This inherently limits the usefulness of the data in the long term. However, the existing health eco-system is highly fractured, and not yet ready to define, collect, and exchange data in a generally computable sense. Wherever possible, implementers and/or specification writers should avoid using this element. Often, when used, the URL is a reference to an implementation guide that defines these special rules as part of it's narrative along with other profiles, value sets, etc.","","","","","","","","",,,,,"",,,,"Resource.implicitRules",0,1,"","ele-1:All FHIR elements must have a @value or children {hasValue() or (children().count() > id.count())}
"
"CommunicationRequest.language","CommunicationRequest.language","","","",0,1,"","","","code {[]} {[]}
","Language of the resource content","The base language in which the resource is written.","Language is provided to support indexing and accessibility (typically, services such as text to speech use the language tag). The html language tag in the narrative applies  to the narrative. The language tag on the resource may be used to specify the language of other presentations generated from the data in the resource. Not all the content has to be in the base language. The Resource.language should not be assumed to apply to the narrative automatically. If a language is specified, it should it also be specified on the div element in the html (see rules in HTML5 for information about the relationship between xml:lang and the html lang attribute).","","","","","","","","",,"preferred","A human language.","http://hl7.org/fhir/ValueSet/languages","",,,,"Resource.language",0,1,"","ele-1:All FHIR elements must have a @value or children {hasValue() or (children().count() > id.count())}
"
"CommunicationRequest.text","CommunicationRequest.text","","narrative
htmlxhtmldisplay","",0,1,"","","","Narrative {[]} {[]}
","Text summary of the resource, for human interpretation","A human-readable narrative that contains a summary of the resource and can be used to represent the content of the resource to a human. The narrative need not encode all the structured data, but is required to contain sufficient detail to make it ""clinically safe"" for a human to just read the narrative. Resource definitions may define what content should be represented in the narrative to ensure clinical safety.","Contained resources do not have narrative. Resources that are not contained SHOULD have a narrative. In some cases, a resource may only have text with little or no additional discrete data (as long as all minOccurs=1 elements are satisfied).  This may be necessary for data from legacy systems where information is captured as a ""text blob"" or where text is additionally entered raw or narrated and encoded information is added later.","","","","","","","","",,,,,"",,,,"DomainResource.text",0,1,"","ele-1:All FHIR elements must have a @value or children {hasValue() or (children().count() > id.count())}
","Act.text?"
"CommunicationRequest.contained","CommunicationRequest.contained","","inline resources
anonymous resourcescontained resources","",0,*,"","","","Resource {[]} {[]}
","Contained, inline Resources","These resources do not have an independent existence apart from the resource that contains them - they cannot be identified independently, and nor can they have their own independent transaction scope.","This should never be done when the content can be identified properly, as once identification is lost, it is extremely difficult (and context dependent) to restore it again. Contained resources may have profiles and tags In their meta elements, but SHALL NOT have security labels.","","","","","","","","",,,,,"",,,,"DomainResource.contained",0,*,"","","N/A"
"CommunicationRequest.extension","CommunicationRequest.extension","","extensions
user content","",0,*,"","","","Extension {[]} {[]}
","Additional content defined by implementations","May be used to represent additional information that is not part of the basic definition of the resource. To make the use of extensions safe and manageable, there is a strict set of governance  applied to the definition and use of extensions. Though any implementer can define an extension, there is a set of requirements that SHALL be met as part of the definition of the extension.","There can be no stigma associated with the use of extensions by any application, project, or standard - regardless of the institution or jurisdiction that uses or defines the extensions.  The use of extensions is what allows the FHIR specification to retain a core level of simplicity for everyone.","","","","","","","","",,,,,"",,,,"DomainResource.extension",0,*,"","ele-1:All FHIR elements must have a @value or children {hasValue() or (children().count() > id.count())}
ext-1:Must have either extensions or value[x], not both {extension.exists() != value.exists()}","N/A"
"CommunicationRequest.modifierExtension","CommunicationRequest.modifierExtension","","extensions
user content","",0,*,"","Y","","Extension {[]} {[]}
","Extensions that cannot be ignored","May be used to represent additional information that is not part of the basic definition of the resource and that modifies the understanding of the element that contains it and/or the understanding of the containing element's descendants. Usually modifier elements provide negation or qualification. To make the use of extensions safe and manageable, there is a strict set of governance applied to the definition and use of extensions. Though any implementer is allowed to define an extension, there is a set of requirements that SHALL be met as part of the definition of the extension. Applications processing a resource are required to check for modifier extensions.

Modifier extensions SHALL NOT change the meaning of any elements on Resource or DomainResource (including cannot change the meaning of modifierExtension itself).","There can be no stigma associated with the use of extensions by any application, project, or standard - regardless of the institution or jurisdiction that uses or defines the extensions.  The use of extensions is what allows the FHIR specification to retain a core level of simplicity for everyone.","Modifier extensions allow for extensions that *cannot* be safely ignored to be clearly distinguished from the vast majority of extensions which can be safely ignored.  This promotes interoperability by eliminating the need for implementers to prohibit the presence of extensions. For further information, see the [definition of modifier extensions](http://hl7.org/fhir/R4/extensibility.html#modifierExtension).","","","","","","","",,,,,"",,,,"DomainResource.modifierExtension",0,*,"","ele-1:All FHIR elements must have a @value or children {hasValue() or (children().count() > id.count())}
ext-1:Must have either extensions or value[x], not both {extension.exists() != value.exists()}","N/A"
"CommunicationRequest.identifier","CommunicationRequest.identifier","","","",1,1,"Y","","Y","Identifier {[]} {[]}
","Unique identifier","Business identifiers assigned to this communication request by the performer or other systems which remain constant as the resource is updated and propagates from server to server.","This is a business identifier, not a resource identifier (see [discussion](http://hl7.org/fhir/R4/resource.html#identifiers)).  It is best practice for the identifier to only appear on a single resource instance, however business practices may occasionally dictate that multiple resource instances with the same identifier can exist - possibly even with different resource types.  For example, multiple Patient and a Person resource instance might share the same social insurance number.","Allows identification of the communication request as it is known by various participating systems and in a way that remains consistent across servers.","","","","","","","",,,,,"",,,,"CommunicationRequest.identifier",0,*,"","ele-1:All FHIR elements must have a @value or children {hasValue() or (children().count() > id.count())}
","Request.identifier","FiveWs.identifier"
"CommunicationRequest.basedOn","CommunicationRequest.basedOn","","fulfills
","",0,*,"","","Y","Reference {[]} {[CanonicalType[http://hl7.org/fhir/StructureDefinition/Resource]]}
","Fulfills plan or proposal","A plan or proposal that is fulfilled in whole or in part by this request.","","Allows tracing of authorization for the request and tracking whether proposals/recommendations were acted upon.","","","","","","","",,,,,"",,,,"CommunicationRequest.basedOn",0,*,"","ele-1:All FHIR elements must have a @value or children {hasValue() or (children().count() > id.count())}
","Request.basedOn",".outboundRelationship[typeCode=FLFS].target"
"CommunicationRequest.replaces","CommunicationRequest.replaces","","supersedes
prior","",0,*,"","","Y","Reference {[]} {[CanonicalType[http://hl7.org/fhir/StructureDefinition/CommunicationRequest]]}
","Request(s) replaced by this request","Completed or terminated request(s) whose function is taken by this new request.","The replacement could be because the initial request was immediately rejected (due to an issue) or because the previous request was completed, but the need for the action described by the request remains ongoing.","Allows tracing the continuation of a therapy or administrative process instantiated through multiple requests.","","","","","","","",,,,,"",,,,"CommunicationRequest.replaces",0,*,"","ele-1:All FHIR elements must have a @value or children {hasValue() or (children().count() > id.count())}
","Request.replaces",".outboundRelationship[typeCode=RPLC].target"
"CommunicationRequest.groupIdentifier","CommunicationRequest.groupIdentifier","","grouperId
","",0,1,"","","Y","Identifier {[]} {[]}
","Composite request this is part of","A shared identifier common to all requests that were authorized more or less simultaneously by a single author, representing the identifier of the requisition, prescription or similar form.","Requests are linked either by a ""basedOn"" relationship (i.e. one request is fulfilling another) or by having a common requisition.  Requests that are part of the same requisition are generally treated independently from the perspective of changing their state or maintaining them after initial creation.","","","","","","","","",,,,,"",,,,"CommunicationRequest.groupIdentifier",0,1,"","ele-1:All FHIR elements must have a @value or children {hasValue() or (children().count() > id.count())}
","Request.groupIdentifier",".inboundRelationship(typeCode=COMP].source[moodCode=INT].identifier"
"CommunicationRequest.status","CommunicationRequest.status","","","",1,1,"","Y","Y","code {[]} {[]}
","draft | active | on-hold | revoked | completed | entered-in-error | unknown","The status of the proposal or order.","","","","","","<valueCode xmlns=""http://hl7.org/fhir"" value=""in-progress""/>","","","",,"required","The status of the communication request.","http://hl7.org/fhir/ValueSet/request-status|4.0.1","",,,,"CommunicationRequest.status",1,1,"","ele-1:All FHIR elements must have a @value or children {hasValue() or (children().count() > id.count())}
","Request.status","FiveWs.status"
"CommunicationRequest.statusReason","CommunicationRequest.statusReason","","Suspended Reason
Cancelled Reason","",0,1,"","","","CodeableConcept {[]} {[]}
","Reason for current status","Captures the reason for the current state of the CommunicationRequest.","This is generally only used for ""exception"" statuses such as ""suspended"" or ""cancelled"".  The reason why the CommunicationRequest was created at all is captured in reasonCode, not here.  [distinct reason codes for different statuses can be enforced using invariants if they are universal bindings].","","","","","","","","",,"example","Codes identifying the reason for the current state of a request.","","",,,,"CommunicationRequest.statusReason",0,1,"","ele-1:All FHIR elements must have a @value or children {hasValue() or (children().count() > id.count())}
","Request.statusReason",".inboundRelationship[typeCode=SUBJ].source[classCode=CACT, moodCode=EVN].reasonCOde"
"CommunicationRequest.category","CommunicationRequest.category","","","",0,*,"","","","CodeableConcept {[]} {[]}
","Message category","The type of message to be sent such as alert, notification, reminder, instruction, etc.","There may be multiple axes of categorization and one communication request may serve multiple purposes.","","","","","<valueCodeableConcept xmlns=""http://hl7.org/fhir"">
  <coding>
    <code value=""instruction""/>
  </coding>
</valueCodeableConcept>","","","",,"example","Codes for general categories of communications such as alerts, instruction, etc.","http://hl7.org/fhir/ValueSet/communication-category","",,,,"CommunicationRequest.category",0,*,"","ele-1:All FHIR elements must have a @value or children {hasValue() or (children().count() > id.count())}
","FiveWs.class"
"CommunicationRequest.priority","CommunicationRequest.priority","","","",0,1,"","","Y","code {[]} {[]}
","routine | urgent | asap | stat","Characterizes how quickly the proposed act must be initiated. Includes concepts such as stat, urgent, routine.","","","","If missing, this task should be performed with normal priority","","","","","",,"required","Codes indicating the relative importance of a communication request.","http://hl7.org/fhir/ValueSet/request-priority|4.0.1","",,,,"CommunicationRequest.priority",0,1,"","ele-1:All FHIR elements must have a @value or children {hasValue() or (children().count() > id.count())}
","Request.priority","FiveWs.grade"
"CommunicationRequest.doNotPerform","CommunicationRequest.doNotPerform","","prohibited
","",0,1,"","Y","Y","boolean {[]} {[]}
","True if request is prohibiting action","If true indicates that the CommunicationRequest is asking for the specified action to *not* occur.","The attributes provided with the request qualify what is not to be done.","","","If do not perform is not specified, the request is a positive request e.g. ""do perform""","","","","","",,,,,"",,,,"CommunicationRequest.doNotPerform",0,1,"","ele-1:All FHIR elements must have a @value or children {hasValue() or (children().count() > id.count())}
","Request.doNotPerform"
"CommunicationRequest.medium","CommunicationRequest.medium","","","",0,*,"","","","CodeableConcept {[]} {[]}
","A channel of communication","A channel that was used for this communication (e.g. email, fax).","","","","","","","","","",,"example","Codes for communication mediums such as phone, fax, email, in person, etc.","http://terminology.hl7.org/ValueSet/v3-ParticipationMode","",,,,"CommunicationRequest.medium",0,*,"","ele-1:All FHIR elements must have a @value or children {hasValue() or (children().count() > id.count())}
"
"CommunicationRequest.subject","CommunicationRequest.subject","","patient
","",0,1,"","","","Reference {[]} {[CanonicalType[http://hl7.org/fhir/StructureDefinition/Patient], CanonicalType[http://hl7.org/fhir/StructureDefinition/Group]]}
","Focus of message","The patient or group that is the focus of this communication request.","","","","","","","","","",,,,,"",,,,"CommunicationRequest.subject",0,1,"","ele-1:All FHIR elements must have a @value or children {hasValue() or (children().count() > id.count())}
","Request.subject","FiveWs.subject[x]","FiveWs.subject"
"CommunicationRequest.about","CommunicationRequest.about","","","",0,*,"","","","Reference {[]} {[CanonicalType[http://hl7.org/fhir/StructureDefinition/Resource]]}
","Resources that pertain to this communication request","Other resources that pertain to this communication request and to which this communication request should be associated.","Don't use CommunicationRequest.about element when a more specific element exists, such as basedOn, reasonReference, or replaces.","","","","","","","","",,,,,"",,,,"CommunicationRequest.about",0,*,"","ele-1:All FHIR elements must have a @value or children {hasValue() or (children().count() > id.count())}
","Request.supportingInfo","FiveWs.context"
"CommunicationRequest.encounter","CommunicationRequest.encounter","","","",0,1,"","","Y","Reference {[]} {[CanonicalType[http://hl7.org/fhir/StructureDefinition/Encounter]]}
","Encounter created as part of","The Encounter during which this CommunicationRequest was created or to which the creation of this record is tightly associated.","This will typically be the encounter the event occurred within, but some activities may be initiated prior to or after the official completion of an encounter but still be tied to the context of the encounter.","","","","","","","","",,,,,"",,,,"CommunicationRequest.encounter",0,1,"","ele-1:All FHIR elements must have a @value or children {hasValue() or (children().count() > id.count())}
","Request.context","FiveWs.context"
"CommunicationRequest.payload","CommunicationRequest.payload","","","",1,1,"Y","","","BackboneElement {[]} {[]}
","Message payload","Text, attachment(s), or resource(s) to be communicated to the recipient.","","","","","","","","","",,,,,"",,,,"CommunicationRequest.payload",0,*,"","ele-1:All FHIR elements must have a @value or children {hasValue() or (children().count() > id.count())}
"
"CommunicationRequest.payload.id","CommunicationRequest.payload.id","","","",0,1,"","","","string {[]} {[]}
","Unique id for inter-element referencing","Unique id for the element within a resource (for internal references). This may be any string value that does not contain spaces.","","","","","","","","","",,,,,"",,,,"Element.id",0,1,"","","n/a"
"CommunicationRequest.payload.extension","CommunicationRequest.payload.extension","","extensions
user content","",0,*,"","","","Extension {[]} {[]}
","Additional content defined by implementations","May be used to represent additional information that is not part of the basic definition of the element. To make the use of extensions safe and manageable, there is a strict set of governance  applied to the definition and use of extensions. Though any implementer can define an extension, there is a set of requirements that SHALL be met as part of the definition of the extension.","There can be no stigma associated with the use of extensions by any application, project, or standard - regardless of the institution or jurisdiction that uses or defines the extensions.  The use of extensions is what allows the FHIR specification to retain a core level of simplicity for everyone.","","","","","","","","",,,,,"",,,,"Element.extension",0,*,"","ele-1:All FHIR elements must have a @value or children {hasValue() or (children().count() > id.count())}
ext-1:Must have either extensions or value[x], not both {extension.exists() != value.exists()}","n/a"
"CommunicationRequest.payload.modifierExtension","CommunicationRequest.payload.modifierExtension","","extensions
user contentmodifiers","",0,*,"","Y","Y","Extension {[]} {[]}
","Extensions that cannot be ignored even if unrecognized","May be used to represent additional information that is not part of the basic definition of the element and that modifies the understanding of the element in which it is contained and/or the understanding of the containing element's descendants. Usually modifier elements provide negation or qualification. To make the use of extensions safe and manageable, there is a strict set of governance applied to the definition and use of extensions. Though any implementer can define an extension, there is a set of requirements that SHALL be met as part of the definition of the extension. Applications processing a resource are required to check for modifier extensions.

Modifier extensions SHALL NOT change the meaning of any elements on Resource or DomainResource (including cannot change the meaning of modifierExtension itself).","There can be no stigma associated with the use of extensions by any application, project, or standard - regardless of the institution or jurisdiction that uses or defines the extensions.  The use of extensions is what allows the FHIR specification to retain a core level of simplicity for everyone.","Modifier extensions allow for extensions that *cannot* be safely ignored to be clearly distinguished from the vast majority of extensions which can be safely ignored.  This promotes interoperability by eliminating the need for implementers to prohibit the presence of extensions. For further information, see the [definition of modifier extensions](http://hl7.org/fhir/R4/extensibility.html#modifierExtension).","","","","","","","",,,,,"",,,,"BackboneElement.modifierExtension",0,*,"","ele-1:All FHIR elements must have a @value or children {hasValue() or (children().count() > id.count())}
ext-1:Must have either extensions or value[x], not both {extension.exists() != value.exists()}","N/A"
"CommunicationRequest.payload.content[x]","CommunicationRequest.payload.content[x]","","","",1,1,"","","","Reference {[]} {[]}
","Message part content","The communicated content (or for multi-part communications, one portion of the communication).","","","","","","","","","",,,,,"","type:$this}
","",,"closed","CommunicationRequest.payload.content[x]",1,1,"","ele-1:All FHIR elements must have a @value or children {hasValue() or (children().count() > id.count())}
","Request.note"
"CommunicationRequest.payload.content[x]:contentAttachment","CommunicationRequest.payload.content[x]","contentAttachment","","",0,0,"","","","Attachment {[]} {[]}
","Message part content","The communicated content (or for multi-part communications, one portion of the communication).","","","","","","","","","",,,,,"",,,,"CommunicationRequest.payload.content[x]",1,1,"","ele-1:All FHIR elements must have a @value or children {hasValue() or (children().count() > id.count())}
","Request.note"
"CommunicationRequest.payload.content[x]:contentString","CommunicationRequest.payload.content[x]","contentString","","",0,0,"","","","string {[]} {[]}
","Message part content","The communicated content (or for multi-part communications, one portion of the communication).","","","","","","","","","",,,,,"",,,,"CommunicationRequest.payload.content[x]",1,1,"","ele-1:All FHIR elements must have a @value or children {hasValue() or (children().count() > id.count())}
","Request.note"
"CommunicationRequest.payload.content[x]:contentReference","CommunicationRequest.payload.content[x]","contentReference","","",0,1,"Y","","","Reference {[]} {[CanonicalType[http://hl7.org/fhir/us/example/StructureDefinition/MLParameter]]}
","Message part content","The communicated content (or for multi-part communications, one portion of the communication).","","","","","","","","","",,,,,"",,,,"CommunicationRequest.payload.content[x]",1,1,"","ele-1:All FHIR elements must have a @value or children {hasValue() or (children().count() > id.count())}
","Request.note"
"CommunicationRequest.occurrence[x]","CommunicationRequest.occurrence[x]","","timing
","",1,1,"","","Y","dateTime {[]} {[]}
","When scheduled","The time when this communication is to occur.","","","","","","","","","",,,,,"","type:$this}
","",,"closed","CommunicationRequest.occurrence[x]",0,1,"","ele-1:All FHIR elements must have a @value or children {hasValue() or (children().count() > id.count())}
","Request.occurrence[x]","FiveWs.planned"
"CommunicationRequest.occurrence[x]:occurrencePeriod","CommunicationRequest.occurrence[x]","occurrencePeriod","timing
","",0,0,"","","Y","Period {[]} {[]}
","When scheduled","The time when this communication is to occur.","","","","","","","","","",,,,,"",,,,"CommunicationRequest.occurrence[x]",0,1,"","ele-1:All FHIR elements must have a @value or children {hasValue() or (children().count() > id.count())}
","Request.occurrence[x]","FiveWs.planned"
"CommunicationRequest.occurrence[x]:occurrenceDateTime","CommunicationRequest.occurrence[x]","occurrenceDateTime","timing
","",0,1,"","","Y","dateTime {[]} {[]}
","When scheduled","The time when this communication is to occur.","","","","","","","","","",,,,,"",,,,"CommunicationRequest.occurrence[x]",0,1,"","ele-1:All FHIR elements must have a @value or children {hasValue() or (children().count() > id.count())}
","Request.occurrence[x]","FiveWs.planned"
"CommunicationRequest.authoredOn","CommunicationRequest.authoredOn","","createdOn
","",0,1,"","","Y","dateTime {[]} {[]}
","When request transitioned to being actionable","For draft requests, indicates the date of initial creation.  For requests with other statuses, indicates the date of activation.","","","","","","","","","",,,,,"",,,,"CommunicationRequest.authoredOn",0,1,"","ele-1:All FHIR elements must have a @value or children {hasValue() or (children().count() > id.count())}
","Request.authoredOn","FiveWs.recorded"
"CommunicationRequest.requester","CommunicationRequest.requester","","author
","",0,1,"","","Y","Reference {[]} {[CanonicalType[http://hl7.org/fhir/StructureDefinition/Practitioner], CanonicalType[http://hl7.org/fhir/StructureDefinition/PractitionerRole], CanonicalType[http://hl7.org/fhir/StructureDefinition/Organization], CanonicalType[http://hl7.org/fhir/StructureDefinition/Patient], CanonicalType[http://hl7.org/fhir/StructureDefinition/RelatedPerson], CanonicalType[http://hl7.org/fhir/StructureDefinition/Device]]}
","Who/what is requesting service","The device, individual, or organization who initiated the request and has responsibility for its activation.","","","","","","","","","",,,,,"",,,,"CommunicationRequest.requester",0,1,"","ele-1:All FHIR elements must have a @value or children {hasValue() or (children().count() > id.count())}
","Request.requester","FiveWs.author",".participation[typeCode=AUT].role"
"CommunicationRequest.recipient","CommunicationRequest.recipient","","","",0,*,"","","","Reference {[]} {[CanonicalType[http://hl7.org/fhir/StructureDefinition/Device], CanonicalType[http://hl7.org/fhir/StructureDefinition/Organization], CanonicalType[http://hl7.org/fhir/StructureDefinition/Patient], CanonicalType[http://hl7.org/fhir/StructureDefinition/Practitioner], CanonicalType[http://hl7.org/fhir/StructureDefinition/PractitionerRole], CanonicalType[http://hl7.org/fhir/StructureDefinition/RelatedPerson], CanonicalType[http://hl7.org/fhir/StructureDefinition/Group], CanonicalType[http://hl7.org/fhir/StructureDefinition/CareTeam], CanonicalType[http://hl7.org/fhir/StructureDefinition/HealthcareService]]}
","Message recipient","The entity (e.g. person, organization, clinical information system, device, group, or care team) which is the intended target of the communication.","","","","","","","","","",,,,,"",,,,"CommunicationRequest.recipient",0,*,"","ele-1:All FHIR elements must have a @value or children {hasValue() or (children().count() > id.count())}
","Request.performer","FiveWs.actor"
"CommunicationRequest.sender","CommunicationRequest.sender","","","",0,1,"","","Y","Reference {[]} {[CanonicalType[http://hl7.org/fhir/StructureDefinition/Device], CanonicalType[http://hl7.org/fhir/StructureDefinition/Organization], CanonicalType[http://hl7.org/fhir/StructureDefinition/Patient], CanonicalType[http://hl7.org/fhir/StructureDefinition/Practitioner], CanonicalType[http://hl7.org/fhir/StructureDefinition/PractitionerRole], CanonicalType[http://hl7.org/fhir/StructureDefinition/RelatedPerson], CanonicalType[http://hl7.org/fhir/StructureDefinition/HealthcareService]]}
","Message sender","The entity (e.g. person, organization, clinical information system, or device) which is to be the source of the communication.","","","","","","","","","",,,,,"",,,,"CommunicationRequest.sender",0,1,"","ele-1:All FHIR elements must have a @value or children {hasValue() or (children().count() > id.count())}
","Request.performer","FiveWs.actor"
"CommunicationRequest.reasonCode","CommunicationRequest.reasonCode","","","",0,*,"","","Y","CodeableConcept {[]} {[]}
","Why is communication needed?","Describes why the request is being made in coded or textual form.","Textual reasons can be captured using reasonCode.text.","","","","","","","","",,"example","Codes for describing reasons for the occurrence of a communication.","http://terminology.hl7.org/ValueSet/v3-ActReason","",,,,"CommunicationRequest.reasonCode",0,*,"","ele-1:All FHIR elements must have a @value or children {hasValue() or (children().count() > id.count())}
","Request.reasonCode","FiveWs.why[x]",".reasonCode"
"CommunicationRequest.reasonReference","CommunicationRequest.reasonReference","","","",0,*,"","","Y","Reference {[]} {[CanonicalType[http://hl7.org/fhir/StructureDefinition/Condition], CanonicalType[http://hl7.org/fhir/StructureDefinition/Observation], CanonicalType[http://hl7.org/fhir/StructureDefinition/DiagnosticReport], CanonicalType[http://hl7.org/fhir/StructureDefinition/DocumentReference]]}
","Why is communication needed?","Indicates another resource whose existence justifies this request.","","","","","","","","","",,,,,"",,,,"CommunicationRequest.reasonReference",0,*,"","ele-1:All FHIR elements must have a @value or children {hasValue() or (children().count() > id.count())}
","Request.reasonReference","FiveWs.why[x]",".outboundRelationship[typeCode=RSON].target"
"CommunicationRequest.note","CommunicationRequest.note","","","",0,*,"","","","Annotation {[]} {[]}
","Comments made about communication request","Comments made about the request by the requester, sender, recipient, subject or other participants.","","","","","","","","","",,,,,"",,,,"CommunicationRequest.note",0,*,"","ele-1:All FHIR elements must have a @value or children {hasValue() or (children().count() > id.count())}
","Request.note",".inboundRelationship(typeCode=SUBJ].source[classCode=ANNGEN, moodCode=EVN].value[xsi:type=ST]"
