<?xml version="1.0" encoding="UTF-8"?><OperationDefinition xmlns="http://hl7.org/fhir"><id value="predict"/><text><status value="extensions"/><div xmlns="http://www.w3.org/1999/xhtml"><p>URL: [base]/$predict</p><p>Parameters</p><table class="grid"><tr><td><b>Use</b></td><td><b>Name</b></td><td><b>Scope</b></td><td><b>Cardinality</b></td><td><b>Type</b></td><td><b>Binding</b></td><td><b>Documentation</b></td></tr><tr><td>IN</td><td>parameters</td><td/><td>0..1</td><td><a href="http://hl7.org/fhir/R4/bundle.html">Bundle</a></td><td/><td><div><p>Set of parameters</p>
</div></td></tr><tr><td>OUT</td><td>prediction</td><td/><td>1..1</td><td><a href="http://hl7.org/fhir/R4/bundle.html">Bundle</a></td><td/><td><div><p>Prediction</p>
</div></td></tr></table></div></text><url value="http://hl7.eu/fhir/ig/gravitate-health/OperationDefinition/focus"/><version value="0.1.0-test"/><name value="predict"/><title value="predict"/><status value="active"/><kind value="operation"/><date value="2023-05-26T10:57:36+00:00"/><publisher value="xxxYour Work Group"/><contact><telecom><system value="url"/><value value="http://xxhl7.org/Special/committees/[something]"/></telecom></contact><jurisdiction><coding><system value="http://unstats.un.org/unsd/methods/m49/m49.htm"/><code value="001"/></coding></jurisdiction><affectsState value="false"/><code value="predict"/><system value="true"/><type value="false"/><instance value="false"/><parameter><name value="parameters"/><use value="in"/><min value="0"/><max value="1"/><documentation value="Set of parameters"/><type value="Bundle"/></parameter><parameter><name value="prediction"/><use value="out"/><min value="1"/><max value="1"/><documentation value="Prediction"/><type value="Bundle"/></parameter></OperationDefinition>