<?xml version="1.0" encoding="UTF-8"?><ValueSet xmlns="http://hl7.org/fhir"><id value="ml-type-vs"/><text><status value="generated"/><div xmlns="http://www.w3.org/1999/xhtml"><ul><li>Include all codes defined in <a href="CodeSystem-ml-type-cs.html"><code>https://joofio.github.io/obs-cdss-fhir/CodeSystem/ml-type-cs</code></a></li></ul></div></text><url value="https://joofio.github.io/obs-cdss-fhir/ValueSet/ml-type-vs"/><version value="0.1.0"/><name value="MlTypesVS"/><title value="Machine Learning Models value set"/><status value="draft"/><date value="2023-06-22T10:40:10+00:00"/><description value="Machine Learning Models value set"/><compose><include><system value="https://joofio.github.io/obs-cdss-fhir/CodeSystem/ml-type-cs"/></include></compose></ValueSet>