<?xml version="1.0" encoding="UTF-8"?><ValueSet xmlns="http://hl7.org/fhir"><id value="ml-response-vs"/><text><status value="generated"/><div xmlns="http://www.w3.org/1999/xhtml"><ul><li>Include all codes defined in <a href="CodeSystem-ml-response-cs.html"><code>https://joofio.github.io/obs-cdss-fhir/CodeSystem/ml-response-cs</code></a></li></ul></div></text><url value="https://joofio.github.io/obs-cdss-fhir/ValueSet/ml-response-vs"/><version value="0.1.0-test"/><name value="MLResponseVS"/><title value="Model Responses value set"/><status value="active"/><date value="2023-05-26T10:36:36+00:00"/><publisher value="xxxYour Work Group"/><contact><telecom><system value="url"/><value value="http://xxhl7.org/Special/committees/[something]"/></telecom></contact><description value="Model Responses value set"/><jurisdiction><coding><system value="http://unstats.un.org/unsd/methods/m49/m49.htm"/><code value="001"/></coding></jurisdiction><compose><include><system value="https://joofio.github.io/obs-cdss-fhir/CodeSystem/ml-response-cs"/></include></compose></ValueSet>