<?xml version="1.0" encoding="UTF-8"?>

<Bundle xmlns="http://hl7.org/fhir">
  <id value="324a731c-1bf8-44f2-a76d-da7c74fd07bb"/>
  <meta>
    <lastUpdated value="2022-07-15T07:32:14.072+00:00"/>
  </meta>
  <type value="collection"/>
  <entry>
    <fullUrl value="https://joofio.github.io/obs-cdss-fhir//ValueSet/ml-type-vs"/>
    <resource>
      <ValueSet>
        <id value="ml-type-vs"/>
        <text>
          <status value="generated"/>
          <div xmlns="http://www.w3.org/1999/xhtml">
            <p>This value set contains 5 concepts</p>
            <p style="border: black 1px dotted; background-color: #EEEEEE; padding: 8px; margin-bottom: 8px">Expansion based on 
              <a href="CodeSystem-ml-type-cs.html">Machine Learning Models code system v0.1.0-test (CodeSystem)</a>
            </p>
            <p>All codes in this table are from the system 
              <a href="CodeSystem-ml-type-cs.html">
                <code>https://joofio.github.io/obs-cdss-fhir//CodeSystem/ml-type-cs</code>
              </a>
            </p>
            <table class="codes">
              <tr>
                <td style="white-space:nowrap">
                  <b>Code</b>
                </td>
                <td>
                  <b>Display</b>
                </td>
                <td>
                  <b>Definition</b>
                </td>
              </tr>
              <tr>
                <td style="white-space:nowrap">
                  <a name="https---joofio.github.io-obs-cdss-fhir--CodeSystem-ml-type-cs-DT"> </a>  
                  <a href="CodeSystem-ml-type-cs.html#ml-type-cs-DT">DT</a>
                </td>
                <td>Decision Trees</td>
                <td>Decision Trees</td>
              </tr>
              <tr>
                <td style="white-space:nowrap">
                  <a name="https---joofio.github.io-obs-cdss-fhir--CodeSystem-ml-type-cs-RF"> </a>  
                  <a href="CodeSystem-ml-type-cs.html#ml-type-cs-RF">RF</a>
                </td>
                <td>Random Forests</td>
                <td>Random Forests</td>
              </tr>
              <tr>
                <td style="white-space:nowrap">
                  <a name="https---joofio.github.io-obs-cdss-fhir--CodeSystem-ml-type-cs-XGBOOST"> </a>  
                  <a href="CodeSystem-ml-type-cs.html#ml-type-cs-XGBOOST">XGBOOST</a>
                </td>
                <td>Extreme Gradient Boosting</td>
                <td>Extreme Gradient Boosting</td>
              </tr>
              <tr>
                <td style="white-space:nowrap">
                  <a name="https---joofio.github.io-obs-cdss-fhir--CodeSystem-ml-type-cs-LGBM"> </a>  
                  <a href="CodeSystem-ml-type-cs.html#ml-type-cs-LGBM">LGBM</a>
                </td>
                <td>Light Gradient Boosting</td>
                <td>Light Gradient Boosting</td>
              </tr>
              <tr>
                <td style="white-space:nowrap">
                  <a name="https---joofio.github.io-obs-cdss-fhir--CodeSystem-ml-type-cs-BAYES"> </a>  
                  <a href="CodeSystem-ml-type-cs.html#ml-type-cs-BAYES">BAYES</a>
                </td>
                <td>Bayesian</td>
                <td>Bayesian</td>
              </tr>
            </table>
          </div>
        </text>
        <url value="https://joofio.github.io/obs-cdss-fhir//ValueSet/ml-type-vs"/>
        <version value="0.1.0-test"/>
        <name value="MlTypesVS"/>
        <title value="Machine Learning Models value set"/>
        <status value="active"/>
        <date value="2022-07-15T07:32:14+00:00"/>
        <publisher value="xxxYour Work Group"/>
        <contact>
          <telecom>
            <system value="url"/>
            <value value="http://xxhl7.org/Special/committees/[something]"/>
          </telecom>
        </contact>
        <description value="Machine Learning Models value set"/>
        <jurisdiction>
          <coding>
            <system value="http://unstats.un.org/unsd/methods/m49/m49.htm"/>
            <code value="001"/>
          </coding>
        </jurisdiction>
        <expansion>
          <identifier value="urn:uuid:9e730587-813b-43d2-9377-38df08188ba7"/>
          <timestamp value="2022-07-15T07:32:41+00:00"/>
          <total value="5"/>
          <parameter>
            <name value="excludeNested"/>
            <valueBoolean value="false"/>
          </parameter>
          <parameter>
            <name value="version"/>
            <valueUri value="https://joofio.github.io/obs-cdss-fhir//CodeSystem/ml-type-cs|0.1.0-test"/>
          </parameter>
          <contains>
            <system value="https://joofio.github.io/obs-cdss-fhir//CodeSystem/ml-type-cs"/>
            <code value="DT"/>
            <display value="Decision Trees"/>
          </contains>
          <contains>
            <system value="https://joofio.github.io/obs-cdss-fhir//CodeSystem/ml-type-cs"/>
            <code value="RF"/>
            <display value="Random Forests"/>
          </contains>
          <contains>
            <system value="https://joofio.github.io/obs-cdss-fhir//CodeSystem/ml-type-cs"/>
            <code value="XGBOOST"/>
            <display value="Extreme Gradient Boosting"/>
          </contains>
          <contains>
            <system value="https://joofio.github.io/obs-cdss-fhir//CodeSystem/ml-type-cs"/>
            <code value="LGBM"/>
            <display value="Light Gradient Boosting"/>
          </contains>
          <contains>
            <system value="https://joofio.github.io/obs-cdss-fhir//CodeSystem/ml-type-cs"/>
            <code value="BAYES"/>
            <display value="Bayesian"/>
          </contains>
        </expansion>
      </ValueSet>
    </resource>
  </entry>
  <entry>
    <fullUrl value="https://joofio.github.io/obs-cdss-fhir//ValueSet/ml-response-vs"/>
    <resource>
      <ValueSet>
        <id value="ml-response-vs"/>
        <text>
          <status value="generated"/>
          <div xmlns="http://www.w3.org/1999/xhtml">
            <p>This value set contains 3 concepts</p>
            <p style="border: black 1px dotted; background-color: #EEEEEE; padding: 8px; margin-bottom: 8px">Expansion based on 
              <a href="CodeSystem-ml-response-cs.html">Model Responses Code System v0.1.0-test (CodeSystem)</a>
            </p>
            <p>All codes in this table are from the system 
              <a href="CodeSystem-ml-response-cs.html">
                <code>https://joofio.github.io/obs-cdss-fhir//CodeSystem/ml-response-cs</code>
              </a>
            </p>
            <table class="codes">
              <tr>
                <td style="white-space:nowrap">
                  <b>Code</b>
                </td>
                <td>
                  <b>Display</b>
                </td>
                <td>
                  <b>Definition</b>
                </td>
              </tr>
              <tr>
                <td style="white-space:nowrap">
                  <a name="https---joofio.github.io-obs-cdss-fhir--CodeSystem-ml-response-cs-OK"> </a>  
                  <a href="CodeSystem-ml-response-cs.html#ml-response-cs-OK">OK</a>
                </td>
                <td>Level Ok</td>
                <td>Level Ok</td>
              </tr>
              <tr>
                <td style="white-space:nowrap">
                  <a name="https---joofio.github.io-obs-cdss-fhir--CodeSystem-ml-response-cs-WARN"> </a>  
                  <a href="CodeSystem-ml-response-cs.html#ml-response-cs-WARN">WARN</a>
                </td>
                <td>Warning level 1</td>
                <td>Warning level 1</td>
              </tr>
              <tr>
                <td style="white-space:nowrap">
                  <a name="https---joofio.github.io-obs-cdss-fhir--CodeSystem-ml-response-cs-NOK"> </a>  
                  <a href="CodeSystem-ml-response-cs.html#ml-response-cs-NOK">NOK</a>
                </td>
                <td>Error level</td>
                <td>Error level</td>
              </tr>
            </table>
          </div>
        </text>
        <url value="https://joofio.github.io/obs-cdss-fhir//ValueSet/ml-response-vs"/>
        <version value="0.1.0-test"/>
        <name value="MLResponseVS"/>
        <title value="Model Responses value set"/>
        <status value="active"/>
        <date value="2022-07-15T07:32:14+00:00"/>
        <publisher value="xxxYour Work Group"/>
        <contact>
          <telecom>
            <system value="url"/>
            <value value="http://xxhl7.org/Special/committees/[something]"/>
          </telecom>
        </contact>
        <description value="Model Responses value set"/>
        <jurisdiction>
          <coding>
            <system value="http://unstats.un.org/unsd/methods/m49/m49.htm"/>
            <code value="001"/>
          </coding>
        </jurisdiction>
        <expansion>
          <identifier value="urn:uuid:873c073b-6b0e-4406-9fab-7a8ad8ef6377"/>
          <timestamp value="2022-07-15T07:32:42+00:00"/>
          <total value="3"/>
          <parameter>
            <name value="excludeNested"/>
            <valueBoolean value="false"/>
          </parameter>
          <parameter>
            <name value="version"/>
            <valueUri value="https://joofio.github.io/obs-cdss-fhir//CodeSystem/ml-response-cs|0.1.0-test"/>
          </parameter>
          <contains>
            <system value="https://joofio.github.io/obs-cdss-fhir//CodeSystem/ml-response-cs"/>
            <code value="OK"/>
            <display value="Level Ok"/>
          </contains>
          <contains>
            <system value="https://joofio.github.io/obs-cdss-fhir//CodeSystem/ml-response-cs"/>
            <code value="WARN"/>
            <display value="Warning level 1"/>
          </contains>
          <contains>
            <system value="https://joofio.github.io/obs-cdss-fhir//CodeSystem/ml-response-cs"/>
            <code value="NOK"/>
            <display value="Error level"/>
          </contains>
        </expansion>
      </ValueSet>
    </resource>
  </entry>
</Bundle>