<?xml version="1.0" encoding="UTF-8"?>

<Bundle xmlns="http://hl7.org/fhir">
  <id value="0c3dde8f-788f-4d13-8996-271e914b6439"/>
  <meta>
    <lastUpdated value="2023-06-12T12:03:44.452+00:00"/>
  </meta>
  <type value="collection"/>
  <entry>
    <fullUrl value="https://joofio.github.io/obs-cdss-fhir/ValueSet/ml-type-vs"/>
    <resource>
      <ValueSet>
        <text>
          <status value="generated"/>
          <div xmlns="http://www.w3.org/1999/xhtml">
            <p>This value set contains 5 concepts</p>
            <p style="border: black 1px dotted; background-color: #EEEEEE; padding: 8px; margin-bottom: 8px">Expansion based on 
              <a href="CodeSystem-ml-type-cs.html">Machine Learning Models code system v0.1.0 (CodeSystem)</a>
            </p>
            <table class="codes">
              <tr>
                <td style="white-space:nowrap">
                  <b>Code</b>
                </td>
                <td>
                  <b>System</b>
                </td>
                <td>
                  <b>Display</b>
                </td>
                <td>
                  <b>Definition</b>
                </td>
              </tr>
              <tr>
                <td style="white-space:nowrap">
                  <a name="https---joofio.github.io-obs-cdss-fhir-CodeSystem-ml-type-cs-DT"> </a>  
                  <a href="CodeSystem-ml-type-cs.html#ml-type-cs-DT">DT</a>
                </td>
                <td>https://joofio.github.io/obs-cdss-fhir/CodeSystem/ml-type-cs</td>
                <td>Decision Trees</td>
                <td>
                  <div>
                    <p>Decision Trees</p>

                  </div>
                </td>
              </tr>
              <tr>
                <td style="white-space:nowrap">
                  <a name="https---joofio.github.io-obs-cdss-fhir-CodeSystem-ml-type-cs-RF"> </a>  
                  <a href="CodeSystem-ml-type-cs.html#ml-type-cs-RF">RF</a>
                </td>
                <td>https://joofio.github.io/obs-cdss-fhir/CodeSystem/ml-type-cs</td>
                <td>Random Forests</td>
                <td>
                  <div>
                    <p>Random Forests</p>

                  </div>
                </td>
              </tr>
              <tr>
                <td style="white-space:nowrap">
                  <a name="https---joofio.github.io-obs-cdss-fhir-CodeSystem-ml-type-cs-XGBOOST"> </a>  
                  <a href="CodeSystem-ml-type-cs.html#ml-type-cs-XGBOOST">XGBOOST</a>
                </td>
                <td>https://joofio.github.io/obs-cdss-fhir/CodeSystem/ml-type-cs</td>
                <td>Extreme Gradient Boosting</td>
                <td>
                  <div>
                    <p>Extreme Gradient Boosting</p>

                  </div>
                </td>
              </tr>
              <tr>
                <td style="white-space:nowrap">
                  <a name="https---joofio.github.io-obs-cdss-fhir-CodeSystem-ml-type-cs-LGBM"> </a>  
                  <a href="CodeSystem-ml-type-cs.html#ml-type-cs-LGBM">LGBM</a>
                </td>
                <td>https://joofio.github.io/obs-cdss-fhir/CodeSystem/ml-type-cs</td>
                <td>Light Gradient Boosting</td>
                <td>
                  <div>
                    <p>Light Gradient Boosting</p>

                  </div>
                </td>
              </tr>
              <tr>
                <td style="white-space:nowrap">
                  <a name="https---joofio.github.io-obs-cdss-fhir-CodeSystem-ml-type-cs-BAYES"> </a>  
                  <a href="CodeSystem-ml-type-cs.html#ml-type-cs-BAYES">BAYES</a>
                </td>
                <td>https://joofio.github.io/obs-cdss-fhir/CodeSystem/ml-type-cs</td>
                <td>Bayesian</td>
                <td>
                  <div>
                    <p>Bayesian</p>

                  </div>
                </td>
              </tr>
            </table>
          </div>
        </text>
        <url value="https://joofio.github.io/obs-cdss-fhir/ValueSet/ml-type-vs"/>
        <version value="0.1.0"/>
        <name value="MlTypesVS"/>
        <title value="Machine Learning Models value set"/>
        <status value="draft"/>
        <date value="2023-06-12T12:03:44+00:00"/>
        <expansion>
          <identifier value="urn:uuid:dbc2edd7-5432-4871-b208-a0300df10373"/>
          <timestamp value="2023-06-12T12:04:06+00:00"/>
          <total value="5"/>
          <parameter>
            <name value="excludeNested"/>
            <valueBoolean value="false"/>
          </parameter>
          <parameter>
            <name value="version"/>
            <valueUri value="https://joofio.github.io/obs-cdss-fhir/CodeSystem/ml-type-cs|0.1.0"/>
          </parameter>
          <contains>
            <system value="https://joofio.github.io/obs-cdss-fhir/CodeSystem/ml-type-cs"/>
            <code value="DT"/>
            <display value="Decision Trees"/>
          </contains>
          <contains>
            <system value="https://joofio.github.io/obs-cdss-fhir/CodeSystem/ml-type-cs"/>
            <code value="RF"/>
            <display value="Random Forests"/>
          </contains>
          <contains>
            <system value="https://joofio.github.io/obs-cdss-fhir/CodeSystem/ml-type-cs"/>
            <code value="XGBOOST"/>
            <display value="Extreme Gradient Boosting"/>
          </contains>
          <contains>
            <system value="https://joofio.github.io/obs-cdss-fhir/CodeSystem/ml-type-cs"/>
            <code value="LGBM"/>
            <display value="Light Gradient Boosting"/>
          </contains>
          <contains>
            <system value="https://joofio.github.io/obs-cdss-fhir/CodeSystem/ml-type-cs"/>
            <code value="BAYES"/>
            <display value="Bayesian"/>
          </contains>
        </expansion>
      </ValueSet>
    </resource>
  </entry>
  <entry>
    <fullUrl value="https://joofio.github.io/obs-cdss-fhir/ValueSet/my-vs"/>
    <resource>
      <ValueSet>
        <text>
          <status value="generated"/>
          <div xmlns="http://www.w3.org/1999/xhtml">
            <p>This value set contains 1 concepts</p>
            <p style="border: black 1px dotted; background-color: #EEEEEE; padding: 8px; margin-bottom: 8px">Expansion based on 
              <a href="CodeSystem-my-cs.html">Code system v0.1.0 (CodeSystem)</a>
            </p>
            <table class="codes">
              <tr>
                <td style="white-space:nowrap">
                  <b>Code</b>
                </td>
                <td>
                  <b>System</b>
                </td>
                <td>
                  <b>Display</b>
                </td>
                <td>
                  <b>Definition</b>
                </td>
              </tr>
              <tr>
                <td style="white-space:nowrap">
                  <a name="https---joofio.github.io-obs-cdss-fhir-CodeSystem-my-cs-IDADE-MATERNA"> </a>  
                  <a href="CodeSystem-my-cs.html#my-cs-IDADE_MATERNA">IDADE_MATERNA</a>
                </td>
                <td>https://joofio.github.io/obs-cdss-fhir/CodeSystem/my-cs</td>
                <td>IDADE_MATERNA</td>
                <td>
                  <div>
                    <p>IDADE_MATERNA</p>

                  </div>
                </td>
              </tr>
            </table>
          </div>
        </text>
        <url value="https://joofio.github.io/obs-cdss-fhir/ValueSet/my-vs"/>
        <version value="0.1.0"/>
        <name value="MyVS"/>
        <title value="value set"/>
        <status value="draft"/>
        <date value="2023-06-12T12:03:44+00:00"/>
        <expansion>
          <identifier value="urn:uuid:9b15432c-efd7-4b6f-bcb6-0371f1da9009"/>
          <timestamp value="2023-06-12T12:04:09+00:00"/>
          <total value="1"/>
          <parameter>
            <name value="excludeNested"/>
            <valueBoolean value="false"/>
          </parameter>
          <parameter>
            <name value="version"/>
            <valueUri value="https://joofio.github.io/obs-cdss-fhir/CodeSystem/my-cs|0.1.0"/>
          </parameter>
          <contains>
            <system value="https://joofio.github.io/obs-cdss-fhir/CodeSystem/my-cs"/>
            <code value="IDADE_MATERNA"/>
            <display value="IDADE_MATERNA"/>
          </contains>
        </expansion>
      </ValueSet>
    </resource>
  </entry>
  <entry>
    <fullUrl value="https://joofio.github.io/obs-cdss-fhir/ValueSet/ml-response-vs"/>
    <resource>
      <ValueSet>
        <text>
          <status value="generated"/>
          <div xmlns="http://www.w3.org/1999/xhtml">
            <p>This value set contains 3 concepts</p>
            <p style="border: black 1px dotted; background-color: #EEEEEE; padding: 8px; margin-bottom: 8px">Expansion based on 
              <a href="CodeSystem-ml-response-cs.html">Model Responses Code System v0.1.0 (CodeSystem)</a>
            </p>
            <table class="codes">
              <tr>
                <td style="white-space:nowrap">
                  <b>Code</b>
                </td>
                <td>
                  <b>System</b>
                </td>
                <td>
                  <b>Display</b>
                </td>
                <td>
                  <b>Definition</b>
                </td>
              </tr>
              <tr>
                <td style="white-space:nowrap">
                  <a name="https---joofio.github.io-obs-cdss-fhir-CodeSystem-ml-response-cs-OK"> </a>  
                  <a href="CodeSystem-ml-response-cs.html#ml-response-cs-OK">OK</a>
                </td>
                <td>https://joofio.github.io/obs-cdss-fhir/CodeSystem/ml-response-cs</td>
                <td>Level Ok</td>
                <td>
                  <div>
                    <p>Level Ok</p>

                  </div>
                </td>
              </tr>
              <tr>
                <td style="white-space:nowrap">
                  <a name="https---joofio.github.io-obs-cdss-fhir-CodeSystem-ml-response-cs-WARN"> </a>  
                  <a href="CodeSystem-ml-response-cs.html#ml-response-cs-WARN">WARN</a>
                </td>
                <td>https://joofio.github.io/obs-cdss-fhir/CodeSystem/ml-response-cs</td>
                <td>Warning level 1</td>
                <td>
                  <div>
                    <p>Warning level 1</p>

                  </div>
                </td>
              </tr>
              <tr>
                <td style="white-space:nowrap">
                  <a name="https---joofio.github.io-obs-cdss-fhir-CodeSystem-ml-response-cs-NOK"> </a>  
                  <a href="CodeSystem-ml-response-cs.html#ml-response-cs-NOK">NOK</a>
                </td>
                <td>https://joofio.github.io/obs-cdss-fhir/CodeSystem/ml-response-cs</td>
                <td>Error level</td>
                <td>
                  <div>
                    <p>Error level</p>

                  </div>
                </td>
              </tr>
            </table>
          </div>
        </text>
        <url value="https://joofio.github.io/obs-cdss-fhir/ValueSet/ml-response-vs"/>
        <version value="0.1.0"/>
        <name value="MLResponseVS"/>
        <title value="Model Responses value set"/>
        <status value="draft"/>
        <date value="2023-06-12T12:03:44+00:00"/>
        <expansion>
          <identifier value="urn:uuid:7113b89a-88d5-40ae-9cbe-24a508d6dbff"/>
          <timestamp value="2023-06-12T12:04:10+00:00"/>
          <total value="3"/>
          <parameter>
            <name value="excludeNested"/>
            <valueBoolean value="false"/>
          </parameter>
          <parameter>
            <name value="version"/>
            <valueUri value="https://joofio.github.io/obs-cdss-fhir/CodeSystem/ml-response-cs|0.1.0"/>
          </parameter>
          <contains>
            <system value="https://joofio.github.io/obs-cdss-fhir/CodeSystem/ml-response-cs"/>
            <code value="OK"/>
            <display value="Level Ok"/>
          </contains>
          <contains>
            <system value="https://joofio.github.io/obs-cdss-fhir/CodeSystem/ml-response-cs"/>
            <code value="WARN"/>
            <display value="Warning level 1"/>
          </contains>
          <contains>
            <system value="https://joofio.github.io/obs-cdss-fhir/CodeSystem/ml-response-cs"/>
            <code value="NOK"/>
            <display value="Error level"/>
          </contains>
        </expansion>
      </ValueSet>
    </resource>
  </entry>
</Bundle>