<?xml version="1.0" encoding="UTF-8"?>

<Bundle xmlns="http://hl7.org/fhir">
  <id value="MessageForCDSSRequest"/>
  <meta>
    <profile value="https://joofio.github.io/obs-cdss-fhir/StructureDefinition/MessageForCDSS"/>
  </meta>
  <type value="message"/>
  <timestamp value="2020-01-01T00:00:00Z"/>
  <entry>
    <resource>
      <MessageHeader>
        <id value="MessageHeaderCDSSExampleRequest"/>
        <meta>
          <profile value="https://joofio.github.io/obs-cdss-fhir/StructureDefinition/MessageHeaderCDSS"/>
        </meta>
        <text>
          <status value="generated"/><div xmlns="http://www.w3.org/1999/xhtml"><p><b>Generated Narrative: MessageHeader</b></p><div style="display: inline-block; background-color: #d9e0e7; padding: 6px; margin: 4px; border: 1px solid #8da1b4; border-radius: 5px; line-height: 60%"><p style="margin-bottom: 0px">Resource MessageHeader "MessageHeaderCDSSExampleRequest" </p><p style="margin-bottom: 0px">Profile: <a href="StructureDefinition-MessageHeaderCDSS.html">Message Header for request and response</a></p></div><p><b>event</b>: obs-cds (Details: [not stated] code obs-cds = 'obs-cds', stated as 'null')</p><h3>Destinations</h3><table class="grid"><tr><td>-</td><td><b>Name</b></td><td><b>Endpoint</b></td></tr><tr><td>*</td><td>CDSS-System</td><td><code>127.0.0.1</code></td></tr></table><h3>Sources</h3><table class="grid"><tr><td>-</td><td><b>Name</b></td><td><b>Endpoint</b></td></tr><tr><td>*</td><td>request-system</td><td><code>127.0.0.1</code></td></tr></table></div>
        </text>
        <eventCoding>
          <code value="obs-cds"/>
        </eventCoding>
        <destination>
          <name value="CDSS-System"/>
          <endpoint value="127.0.0.1"/>
        </destination>
        <source>
          <name value="request-system"/>
          <endpoint value="127.0.0.1"/>
        </source>
      </MessageHeader>
    </resource>
  </entry>
  <entry>
    <resource>
      <CommunicationRequest>
        <id value="OBSCDSSInitializerExample"/>
        <meta>
          <profile value="https://joofio.github.io/obs-cdss-fhir/StructureDefinition/OBSCDSSInitializer"/>
          <profile value="http://hl7.org/fhir/StructureDefinition/obscdss-initializer"/>
        </meta>
        <text>
          <status value="generated"/><div xmlns="http://www.w3.org/1999/xhtml"><p><b>Generated Narrative: CommunicationRequest</b></p><div style="display: inline-block; background-color: #d9e0e7; padding: 6px; margin: 4px; border: 1px solid #8da1b4; border-radius: 5px; line-height: 60%"><p style="margin-bottom: 0px">Resource CommunicationRequest "OBSCDSSInitializerExample" </p><p style="margin-bottom: 0px">Profiles: <a href="StructureDefinition-OBSCDSSInitializer.html">Prediction Request Meta Information</a>, <code>http://hl7.org/fhir/StructureDefinition/obscdss-initializer</code></p></div><p><b>identifier</b>: id: OBSCDSSInitializerExample</p><p><b>status</b>: active</p><h3>Payloads</h3><table class="grid"><tr><td>-</td><td><b>Content[x]</b></td></tr><tr><td>*</td><td><a href="#Parameters_MLParameterRequestExample">See above (Parameters/MLParameterRequestExample)</a></td></tr></table><p><b>occurrence</b>: 2020-01-01 12:00:00+0000</p></div>
        </text>
        <identifier>
          <value value="OBSCDSSInitializerExample"/>
        </identifier>
        <status value="active"/>
        <payload>
          <contentReference>
            <reference value="Parameters/MLParameterRequestExample"/>
          </contentReference>
        </payload>
        <occurrenceDateTime value="2020-01-01T00:00:00Z"/>
      </CommunicationRequest>
    </resource>
  </entry>
  <entry>
    <resource>
      <Parameters>
        <id value="MLParameterRequestExample"/>
        <meta>
          <profile value="https://joofio.github.io/obs-cdss-fhir/StructureDefinition/MLParameterRequest"/>
        </meta>
        <parameter>
          <name value="APRESENTACAO_31"/>
          <valueCoding>
            <code value="cefálica"/>
          </valueCoding>
        </parameter>
        <parameter>
          <name value="APRESENTACAO_28"/>
          <valueCoding>
            <code value="None"/>
          </valueCoding>
        </parameter>
        <parameter>
          <name value="APRESENTACAO_30"/>
          <valueCoding>
            <code value="None"/>
          </valueCoding>
        </parameter>
        <parameter>
          <name value="APRESENTACAO_37"/>
          <valueCoding>
            <code value="None"/>
          </valueCoding>
        </parameter>
        <parameter>
          <name value="GRUPO_ROBSON"/>
          <valueCoding>
            <code value="1"/>
          </valueCoding>
        </parameter>
        <parameter>
          <name value="BISHOP_SCORE"/>
          <valueCoding>
            <code value="None"/>
          </valueCoding>
        </parameter>
        <parameter>
          <name value="PESO_INICIAL"/>
          <valueInteger value="57"/>
        </parameter>
        <parameter>
          <name value="IDADE_MATERNA"/>
          <valueInteger value="36"/>
        </parameter>
        <parameter>
          <name value="APRESENTACAO_35"/>
          <valueCoding>
            <code value="None"/>
          </valueCoding>
        </parameter>
        <parameter>
          <name value="IMC"/>
          <valueDecimal value="19.7"/>
        </parameter>
        <parameter>
          <name value="APRESENTACAO_32"/>
          <valueCoding>
            <code value="None"/>
          </valueCoding>
        </parameter>
        <parameter>
          <name value="APRESENTACAO_26"/>
          <valueCoding>
            <code value="None"/>
          </valueCoding>
        </parameter>
        <parameter>
          <name value="APRESENTACAO_34"/>
          <valueCoding>
            <code value="None"/>
          </valueCoding>
        </parameter>
        <parameter>
          <name value="APRESENTACAO_33"/>
          <valueCoding>
            <code value="None"/>
          </valueCoding>
        </parameter>
        <parameter>
          <name value="APRESENTACAO_NO_PARTO"/>
          <valueCoding>
            <code value="Cefálica de vértice"/>
          </valueCoding>
        </parameter>
        <parameter>
          <name value="NUMERO_CONSULTAS_PRE_NATAL"/>
          <valueInteger value="14"/>
        </parameter>
        <parameter>
          <name value="APRESENTACAO_38"/>
          <valueCoding>
            <code value="None"/>
          </valueCoding>
        </parameter>
        <parameter>
          <name value="APRESENTACAO_29"/>
          <valueCoding>
            <code value="None"/>
          </valueCoding>
        </parameter>
        <parameter>
          <name value="APRESENTACAO_ADMISSAO"/>
          <valueCoding>
            <code value="-1"/>
          </valueCoding>
        </parameter>
        <parameter>
          <name value="BISHOP_EXTINCAO"/>
          <valueCoding>
            <code value="None"/>
          </valueCoding>
        </parameter>
        <parameter>
          <name value="APRESENTACAO_27"/>
          <valueCoding>
            <code value="None"/>
          </valueCoding>
        </parameter>
        <parameter>
          <name value="APRESENTACAO_36"/>
          <valueCoding>
            <code value="None"/>
          </valueCoding>
        </parameter>
        <parameter>
          <name value="TRAB_PARTO_ENTRADA_ESPONTANEO"/>
          <valueCoding>
            <code value="None"/>
          </valueCoding>
        </parameter>
        <parameter>
          <name value="part.mcdt.ctgs"/>
          <valueCoding>
            <code value="0"/>
          </valueCoding>
        </parameter>
        <parameter>
          <name value="apres.feto.34"/>
          <valueCoding>
            <code value="0"/>
          </valueCoding>
        </parameter>
        <parameter>
          <name value="tparto.rpm"/>
          <valueCoding>
            <code value="0"/>
          </valueCoding>
        </parameter>
        <parameter>
          <name value="rn.ucin"/>
          <valueCoding>
            <code value="0"/>
          </valueCoding>
        </parameter>
        <parameter>
          <name value="part.vig"/>
          <valueCoding>
            <code value="0"/>
          </valueCoding>
        </parameter>
        <parameter>
          <name value="grav.feto.altcf"/>
          <valueCoding>
            <code value="0"/>
          </valueCoding>
        </parameter>
        <parameter>
          <name value="tparto.esp"/>
          <valueCoding>
            <code value="1"/>
          </valueCoding>
        </parameter>
        <parameter>
          <name value="apres.feto.34.pelve"/>
          <valueCoding>
            <code value="0"/>
          </valueCoding>
        </parameter>
        <parameter>
          <name value="parto.comp"/>
          <valueCoding>
            <code value="0"/>
          </valueCoding>
        </parameter>
        <parameter>
          <name value="ciru.laqt"/>
          <valueCoding>
            <code value="0"/>
          </valueCoding>
        </parameter>
        <parameter>
          <name value="puer.comp.cica"/>
          <valueCoding>
            <code value="0"/>
          </valueCoding>
        </parameter>
        <parameter>
          <name value="tparto.rpm.espo"/>
          <valueCoding>
            <code value="0"/>
          </valueCoding>
        </parameter>
        <parameter>
          <name value="grav.plac"/>
          <valueCoding>
            <code value="0"/>
          </valueCoding>
        </parameter>
        <parameter>
          <name value="parto.23P"/>
          <valueCoding>
            <code value="0"/>
          </valueCoding>
        </parameter>
        <parameter>
          <name value="card.dhta"/>
          <valueCoding>
            <code value="0"/>
          </valueCoding>
        </parameter>
        <parameter>
          <name value="parto.comp.cervical"/>
          <valueCoding>
            <code value="0"/>
          </valueCoding>
        </parameter>
        <parameter>
          <name value="part.aep"/>
          <valueCoding>
            <code value="1"/>
          </valueCoding>
        </parameter>
      </Parameters>
    </resource>
  </entry>
</Bundle>