<?xml version="1.0" encoding="UTF-8"?>

<Bundle xmlns="http://hl7.org/fhir">
  <id value="448492b8-0911-11ee-8a5c-2e8ac521fb46"/>
  <meta>
    <profile value="https://joofio.github.io/obs-cdss-fhir/StructureDefinition/MessageForRequest"/>
  </meta>
  <type value="message"/>
  <entry>
    <fullUrl value="http://localhost:8080/fhir/MessageHeader/44849290-0911-11ee-8a5c-2e8ac521fb46"/>
    <resource>
      <MessageHeader>
        <id value="44849290-0911-11ee-8a5c-2e8ac521fb46"/>
        <meta>
          <profile value="https://joofio.github.io/obs-cdss-fhir/StructureDefinition/MessageHeaderCDSS"/>
        </meta>
        <text>
          <status value="generated"/><div xmlns="http://www.w3.org/1999/xhtml"><p><b>Generated Narrative: MessageHeader</b><a name="44849290-0911-11ee-8a5c-2e8ac521fb46"> </a></p><div style="display: inline-block; background-color: #d9e0e7; padding: 6px; margin: 4px; border: 1px solid #8da1b4; border-radius: 5px; line-height: 60%"><p style="margin-bottom: 0px">Resource MessageHeader &quot;44849290-0911-11ee-8a5c-2e8ac521fb46&quot; </p><p style="margin-bottom: 0px">Profile: <a href="StructureDefinition-MessageHeaderCDSS.html">Message Header for request and response</a></p></div><p><b>event</b>: obs-cds (Details: [not stated] code obs-cds = 'obs-cds', stated as 'null')</p><h3>Destinations</h3><table class="grid"><tr><td style="display: none">-</td><td><b>Name</b></td></tr><tr><td style="display: none">*</td><td>Requester</td></tr></table><h3>Sources</h3><table class="grid"><tr><td style="display: none">-</td><td><b>Name</b></td></tr><tr><td style="display: none">*</td><td>CDSS-system</td></tr></table></div>
        </text>
        <eventCoding>
          <code value="obs-cds"/>
        </eventCoding>
        <destination>
          <name value="Requester"/>
        </destination>
        <source>
          <name value="CDSS-system"/>
        </source>
      </MessageHeader>
    </resource>
  </entry>
  <entry>
    <fullUrl value="http://localhost:8080/fhir/Observation/44849114-0911-11ee-8a5c-2e8ac521fb46"/>
    <resource>
      <Observation>
        <id value="44849114-0911-11ee-8a5c-2e8ac521fb46"/>
        <text>
          <status value="generated"/><div xmlns="http://www.w3.org/1999/xhtml"><p><b>Generated Narrative: Observation</b><a name="44849114-0911-11ee-8a5c-2e8ac521fb46"> </a></p><div style="display: inline-block; background-color: #d9e0e7; padding: 6px; margin: 4px; border: 1px solid #8da1b4; border-radius: 5px; line-height: 60%"><p style="margin-bottom: 0px">Resource Observation &quot;44849114-0911-11ee-8a5c-2e8ac521fb46&quot; </p></div><p><b>status</b>: final</p><p><b>code</b>: PREDICTION <span style="background: LightGoldenRodYellow; margin: 4px; border: 1px solid khaki"> (my-cs#PREDICTION)</span></p><p><b>value</b>: Vaginal <span style="background: LightGoldenRodYellow; margin: 4px; border: 1px solid khaki"> (my-cs#Vaginal)</span></p></div>
        </text>
        <status value="final"/>
        <code>
          <coding>
            <system value="http://example.org/CodeSystem/my-cs"/>
            <code value="PREDICTION"/>
            <display value="PREDICTION"/>
          </coding>
        </code>
        <valueCodeableConcept>
          <coding>
            <system value="http://example.org/CodeSystem/my-cs"/>
            <code value="Vaginal"/>
          </coding>
        </valueCodeableConcept>
      </Observation>
    </resource>
  </entry>
  <entry>
    <fullUrl value="http://localhost:8080/fhir/Observation/448491f0-0911-11ee-8a5c-2e8ac521fb46"/>
    <resource>
      <Observation>
        <id value="448491f0-0911-11ee-8a5c-2e8ac521fb46"/>
        <text>
          <status value="generated"/><div xmlns="http://www.w3.org/1999/xhtml"><p><b>Generated Narrative: Observation</b><a name="448491f0-0911-11ee-8a5c-2e8ac521fb46"> </a></p><div style="display: inline-block; background-color: #d9e0e7; padding: 6px; margin: 4px; border: 1px solid #8da1b4; border-radius: 5px; line-height: 60%"><p style="margin-bottom: 0px">Resource Observation &quot;448491f0-0911-11ee-8a5c-2e8ac521fb46&quot; </p></div><p><b>status</b>: final</p><p><b>code</b>: Percentage Vaginal <span style="background: LightGoldenRodYellow; margin: 4px; border: 1px solid khaki"> (my-cs#Pvag)</span></p><p><b>value</b>: 84</p></div>
        </text>
        <status value="final"/>
        <code>
          <coding>
            <system value="http://example.org/CodeSystem/my-cs"/>
            <code value="Pvag"/>
            <display value="Percentage Vaginal"/>
          </coding>
        </code>
        <valueQuantity>
          <value value="84"/>
        </valueQuantity>
      </Observation>
    </resource>
  </entry>
  <entry>
    <fullUrl value="http://localhost:8080/fhir/Observation/4484920e-0911-11ee-8a5c-2e8ac521fb46"/>
    <resource>
      <Observation>
        <id value="4484920e-0911-11ee-8a5c-2e8ac521fb46"/>
        <text>
          <status value="generated"/><div xmlns="http://www.w3.org/1999/xhtml"><p><b>Generated Narrative: Observation</b><a name="4484920e-0911-11ee-8a5c-2e8ac521fb46"> </a></p><div style="display: inline-block; background-color: #d9e0e7; padding: 6px; margin: 4px; border: 1px solid #8da1b4; border-radius: 5px; line-height: 60%"><p style="margin-bottom: 0px">Resource Observation &quot;4484920e-0911-11ee-8a5c-2e8ac521fb46&quot; </p></div><p><b>status</b>: final</p><p><b>code</b>: Percentage C-section <span style="background: LightGoldenRodYellow; margin: 4px; border: 1px solid khaki"> (my-cs#Pcsec)</span></p><p><b>value</b>: 16</p></div>
        </text>
        <status value="final"/>
        <code>
          <coding>
            <system value="http://example.org/CodeSystem/my-cs"/>
            <code value="Pcsec"/>
            <display value="Percentage C-section"/>
          </coding>
        </code>
        <valueQuantity>
          <value value="16"/>
        </valueQuantity>
      </Observation>
    </resource>
  </entry>
  <entry>
    <fullUrl value="http://localhost:8080/fhir/Device/MLModelExample"/>
    <resource>
      <Device>
        <id value="MLModelExample"/>
        <meta>
          <profile value="https://joofio.github.io/obs-cdss-fhir/StructureDefinition/MLModel"/>
        </meta>
        <text>
          <status value="generated"/><div xmlns="http://www.w3.org/1999/xhtml"><p><b>Generated Narrative: Device</b><a name="MLModelExample"> </a></p><div style="display: inline-block; background-color: #d9e0e7; padding: 6px; margin: 4px; border: 1px solid #8da1b4; border-radius: 5px; line-height: 60%"><p style="margin-bottom: 0px">Resource Device &quot;MLModelExample&quot; </p><p style="margin-bottom: 0px">Profile: <a href="StructureDefinition-MLModel.html">Machine Learning Model</a></p></div><p><b>identifier</b>: id: 1</p><p><b>status</b>: active</p><p><b>type</b>: Light Gradient Boosting <span style="background: LightGoldenRodYellow; margin: 4px; border: 1px solid khaki"> (<a href="CodeSystem-ml-type-cs.html">Machine Learning Models code system</a>#LGBM)</span></p><h3>Versions</h3><table class="grid"><tr><td style="display: none">-</td><td><b>Value</b></td></tr><tr><td style="display: none">*</td><td>1</td></tr></table></div>
        </text>
        <identifier>
          <value value="1"/>
        </identifier>
        <status value="active"/>
        <type>
          <coding>
            <system value="https://joofio.github.io/obs-cdss-fhir/CodeSystem/ml-type-cs"/>
            <code value="LGBM"/>
          </coding>
        </type>
        <version>
          <value value="1"/>
        </version>
      </Device>
    </resource>
  </entry>
</Bundle>