<?xml version="1.0" encoding="UTF-8"?>

<CommunicationRequest xmlns="http://hl7.org/fhir">
  <id value="OBSCDSSInitializerExample"/>
  <meta>
    <profile value="https://joofio.github.io/obs-cdss-fhir/StructureDefinition/OBSCDSSInitializer"/>
    <profile value="http://hl7.org/fhir/StructureDefinition/obscdss-initializer"/>
  </meta>
  <text>
    <status value="generated"/><div xmlns="http://www.w3.org/1999/xhtml"><p><b>Generated Narrative</b></p><div style="display: inline-block; background-color: #d9e0e7; padding: 6px; margin: 4px; border: 1px solid #8da1b4; border-radius: 5px; line-height: 60%"><p style="margin-bottom: 0px">Resource "OBSCDSSInitializerExample" </p><p style="margin-bottom: 0px">Profiles: <a href="StructureDefinition-OBSCDSSInitializer.html">Prediction Request Meta Information</a>, <code>http://hl7.org/fhir/StructureDefinition/obscdss-initializer</code></p></div><p><b>identifier</b>: id: OBSCDSSInitializerExample</p><p><b>status</b>: active</p><h3>Payloads</h3><table class="grid"><tr><td>-</td><td><b>Content[x]</b></td></tr><tr><td>*</td><td><a href="Parameters-MLParameterRequestExample.html">Parameters/MLParameterRequestExample</a></td></tr></table><p><b>occurrence</b>: 2020-01-01 12:00:00+0000</p></div>
  </text>
  <identifier>
    <value value="OBSCDSSInitializerExample"/>
  </identifier>
  <status value="active"/>
  <payload>
    <contentReference>
      <reference value="Parameters/MLParameterRequestExample"/>
    </contentReference>
  </payload>
  <occurrenceDateTime value="2020-01-01T00:00:00Z"/>
</CommunicationRequest>