<?xml version="1.0" encoding="UTF-8"?>

<Parameters xmlns="http://hl7.org/fhir">
  <id value="MLParameterResponseExample"/>
  <meta>
    <profile value="https://joofio.github.io/obs-cdss-fhir/StructureDefinition/MLParameterResponse"/>
  </meta>
  <parameter>
    <name value="result"/>
    <valueCoding>
      <code value="Vaginal"/>
    </valueCoding>
  </parameter>
  <parameter>
    <name value="outcome"/>
    <valueCoding>
      <code value="None"/>
    </valueCoding>
  </parameter>
  <parameter>
    <name value="decision"/>
    <valueCoding>
      <code value="None"/>
    </valueCoding>
  </parameter>
</Parameters>