{
  "resourceType" : "Bundle",
  "id" : "f879270e-10ee-11ee-afc7-2e8ac521fb46",
  "meta" : {
    "profile" : ["https://joofio.github.io/obs-cdss-fhir/StructureDefinition/MessageForRequest"]
  },
  "type" : "message",
  "entry" : [{
    "fullUrl" : "http://localhost:8080/fhir/MessageHeader/f8791700-10ee-11ee-afc7-2e8ac521fb46",
    "resource" : {
      "resourceType" : "MessageHeader",
      "id" : "f8791700-10ee-11ee-afc7-2e8ac521fb46",
      "text" : {
        "status" : "generated",
        "div" : "<div xmlns=\"http://www.w3.org/1999/xhtml\"><p><b>Generated Narrative: MessageHeader</b><a name=\"f8791700-10ee-11ee-afc7-2e8ac521fb46\"> </a></p><div style=\"display: inline-block; background-color: #d9e0e7; padding: 6px; margin: 4px; border: 1px solid #8da1b4; border-radius: 5px; line-height: 60%\"><p style=\"margin-bottom: 0px\">Resource MessageHeader &quot;f8791700-10ee-11ee-afc7-2e8ac521fb46&quot; </p></div><p><b>event</b>: obs-dq (Details: [not stated] code obs-dq = 'obs-dq', stated as 'null')</p><h3>Destinations</h3><table class=\"grid\"><tr><td style=\"display: none\">-</td><td><b>Name</b></td></tr><tr><td style=\"display: none\">*</td><td>Requester</td></tr></table><h3>Sources</h3><table class=\"grid\"><tr><td style=\"display: none\">-</td><td><b>Name</b></td></tr><tr><td style=\"display: none\">*</td><td>DQ-system</td></tr></table></div>"
      },
      "eventCoding" : {
        "code" : "obs-dq"
      },
      "destination" : [{
        "name" : "Requester"
      }],
      "source" : {
        "name" : "DQ-system"
      }
    }
  },
  {
    "fullUrl" : "http://localhost:8080/fhir/Device/mlmodel",
    "resource" : {
      "resourceType" : "Device",
      "id" : "mlmodel",
      "meta" : {
        "profile" : ["https://joofio.github.io/obs-cdss-fhir/StructureDefinition/MLModel"]
      },
      "text" : {
        "status" : "generated",
        "div" : "<div xmlns=\"http://www.w3.org/1999/xhtml\"><p><b>Generated Narrative: Device</b><a name=\"mlmodel\"> </a></p><div style=\"display: inline-block; background-color: #d9e0e7; padding: 6px; margin: 4px; border: 1px solid #8da1b4; border-radius: 5px; line-height: 60%\"><p style=\"margin-bottom: 0px\">Resource Device &quot;mlmodel&quot; </p><p style=\"margin-bottom: 0px\">Profile: <a href=\"StructureDefinition-MLModel.html\">Machine Learning Model</a></p></div><p><b>identifier</b>: id:\u00a01</p><p><b>status</b>: active</p><blockquote><p><b>version</b></p><p><b>type</b>: IQR <span style=\"background: LightGoldenRodYellow; margin: 4px; border: 1px solid khaki\"> ([not stated])</span></p><p><b>value</b>: 0.1</p></blockquote><blockquote><p><b>version</b></p><p><b>type</b>: Missing <span style=\"background: LightGoldenRodYellow; margin: 4px; border: 1px solid khaki\"> ([not stated])</span></p><p><b>value</b>: 0.1</p></blockquote><blockquote><p><b>version</b></p><p><b>type</b>: Correctness <span style=\"background: LightGoldenRodYellow; margin: 4px; border: 1px solid khaki\"> ([not stated])</span></p><p><b>value</b>: 0.1</p></blockquote><blockquote><p><b>version</b></p><p><b>type</b>: expecations <span style=\"background: LightGoldenRodYellow; margin: 4px; border: 1px solid khaki\"> ([not stated])</span></p><p><b>value</b>: 0.1</p></blockquote><blockquote><p><b>version</b></p><p><b>type</b>: lof <span style=\"background: LightGoldenRodYellow; margin: 4px; border: 1px solid khaki\"> ([not stated])</span></p><p><b>value</b>: 0.1</p></blockquote><blockquote><p><b>version</b></p><p><b>type</b>: elliptic <span style=\"background: LightGoldenRodYellow; margin: 4px; border: 1px solid khaki\"> ([not stated])</span></p><p><b>value</b>: 0.1</p></blockquote></div>"
      },
      "identifier" : [{
        "value" : "1"
      }],
      "status" : "active",
      "version" : [{
        "type" : {
          "coding" : [{
            "display" : "IQR"
          }]
        },
        "value" : "0.1"
      },
      {
        "type" : {
          "coding" : [{
            "display" : "Missing"
          }]
        },
        "value" : "0.1"
      },
      {
        "type" : {
          "coding" : [{
            "display" : "Correctness"
          }]
        },
        "value" : "0.1"
      },
      {
        "type" : {
          "coding" : [{
            "display" : "expecations"
          }]
        },
        "value" : "0.1"
      },
      {
        "type" : {
          "coding" : [{
            "display" : "lof"
          }]
        },
        "value" : "0.1"
      },
      {
        "type" : {
          "coding" : [{
            "display" : "elliptic"
          }]
        },
        "value" : "0.1"
      }]
    }
  },
  {
    "fullUrl" : "http://localhost:8080/fhir/Observation/f8791246-10ee-11ee-afc7-2e8ac521fb46",
    "resource" : {
      "resourceType" : "Observation",
      "id" : "f8791246-10ee-11ee-afc7-2e8ac521fb46",
      "text" : {
        "status" : "generated",
        "div" : "<div xmlns=\"http://www.w3.org/1999/xhtml\"><p><b>Generated Narrative: Observation</b><a name=\"f8791246-10ee-11ee-afc7-2e8ac521fb46\"> </a></p><div style=\"display: inline-block; background-color: #d9e0e7; padding: 6px; margin: 4px; border: 1px solid #8da1b4; border-radius: 5px; line-height: 60%\"><p style=\"margin-bottom: 0px\">Resource Observation &quot;f8791246-10ee-11ee-afc7-2e8ac521fb46&quot; </p></div><p><b>status</b>: final</p><p><b>code</b>: final_score <span style=\"background: LightGoldenRodYellow; margin: 4px; border: 1px solid khaki\"> (my-cs#final_score)</span></p><p><b>value</b>: 0.03</p><p><b>device</b>: <a href=\"#Device_mlmodel\">See above (Device/mlmodel)</a></p></div>"
      },
      "status" : "final",
      "code" : {
        "coding" : [{
          "system" : "http://example.org/CodeSystem/my-cs",
          "code" : "final_score",
          "display" : "final_score"
        }]
      },
      "valueQuantity" : {
        "value" : 0.03
      },
      "device" : {
        "reference" : "Device/mlmodel"
      }
    }
  },
  {
    "fullUrl" : "http://localhost:8080/fhir/Observation/f87914b2-10ee-11ee-afc7-2e8ac521fb46",
    "resource" : {
      "resourceType" : "Observation",
      "id" : "f87914b2-10ee-11ee-afc7-2e8ac521fb46",
      "text" : {
        "status" : "generated",
        "div" : "<div xmlns=\"http://www.w3.org/1999/xhtml\"><p><b>Generated Narrative: Observation</b><a name=\"f87914b2-10ee-11ee-afc7-2e8ac521fb46\"> </a></p><div style=\"display: inline-block; background-color: #d9e0e7; padding: 6px; margin: 4px; border: 1px solid #8da1b4; border-radius: 5px; line-height: 60%\"><p style=\"margin-bottom: 0px\">Resource Observation &quot;f87914b2-10ee-11ee-afc7-2e8ac521fb46&quot; </p></div><p><b>status</b>: final</p><p><b>code</b>: missing_score <span style=\"background: LightGoldenRodYellow; margin: 4px; border: 1px solid khaki\"> (my-cs#missing_score)</span></p><p><b>value</b>: 0.12999999999999992</p><p><b>device</b>: <a href=\"#Device_mlmodel\">See above (Device/mlmodel)</a></p></div>"
      },
      "status" : "final",
      "code" : {
        "coding" : [{
          "system" : "http://example.org/CodeSystem/my-cs",
          "code" : "missing_score",
          "display" : "missing_score"
        }]
      },
      "valueQuantity" : {
        "value" : 0.12999999999999992
      },
      "device" : {
        "reference" : "Device/mlmodel"
      }
    }
  },
  {
    "fullUrl" : "http://localhost:8080/fhir/Observation/f879150c-10ee-11ee-afc7-2e8ac521fb46",
    "resource" : {
      "resourceType" : "Observation",
      "id" : "f879150c-10ee-11ee-afc7-2e8ac521fb46",
      "text" : {
        "status" : "generated",
        "div" : "<div xmlns=\"http://www.w3.org/1999/xhtml\"><p><b>Generated Narrative: Observation</b><a name=\"f879150c-10ee-11ee-afc7-2e8ac521fb46\"> </a></p><div style=\"display: inline-block; background-color: #d9e0e7; padding: 6px; margin: 4px; border: 1px solid #8da1b4; border-radius: 5px; line-height: 60%\"><p style=\"margin-bottom: 0px\">Resource Observation &quot;f879150c-10ee-11ee-afc7-2e8ac521fb46&quot; </p></div><p><b>status</b>: final</p><p><b>code</b>: correctness_score <span style=\"background: LightGoldenRodYellow; margin: 4px; border: 1px solid khaki\"> (my-cs#correctness_score)</span></p><p><b>value</b>: 0.07204233316502665</p><p><b>device</b>: <a href=\"#Device_mlmodel\">See above (Device/mlmodel)</a></p></div>"
      },
      "status" : "final",
      "code" : {
        "coding" : [{
          "system" : "http://example.org/CodeSystem/my-cs",
          "code" : "correctness_score",
          "display" : "correctness_score"
        }]
      },
      "valueQuantity" : {
        "value" : 0.07204233316502665
      },
      "device" : {
        "reference" : "Device/mlmodel"
      }
    }
  },
  {
    "fullUrl" : "http://localhost:8080/fhir/Observation/f8791552-10ee-11ee-afc7-2e8ac521fb46",
    "resource" : {
      "resourceType" : "Observation",
      "id" : "f8791552-10ee-11ee-afc7-2e8ac521fb46",
      "text" : {
        "status" : "generated",
        "div" : "<div xmlns=\"http://www.w3.org/1999/xhtml\"><p><b>Generated Narrative: Observation</b><a name=\"f8791552-10ee-11ee-afc7-2e8ac521fb46\"> </a></p><div style=\"display: inline-block; background-color: #d9e0e7; padding: 6px; margin: 4px; border: 1px solid #8da1b4; border-radius: 5px; line-height: 60%\"><p style=\"margin-bottom: 0px\">Resource Observation &quot;f8791552-10ee-11ee-afc7-2e8ac521fb46&quot; </p></div><p><b>status</b>: final</p><p><b>code</b>: iqr_score <span style=\"background: LightGoldenRodYellow; margin: 4px; border: 1px solid khaki\"> (my-cs#iqr_score)</span></p><p><b>value</b>: 0</p><p><b>device</b>: <a href=\"#Device_mlmodel\">See above (Device/mlmodel)</a></p></div>"
      },
      "status" : "final",
      "code" : {
        "coding" : [{
          "system" : "http://example.org/CodeSystem/my-cs",
          "code" : "iqr_score",
          "display" : "iqr_score"
        }]
      },
      "valueQuantity" : {
        "value" : 0
      },
      "device" : {
        "reference" : "Device/mlmodel"
      }
    }
  },
  {
    "fullUrl" : "http://localhost:8080/fhir/Observation/f87915c0-10ee-11ee-afc7-2e8ac521fb46",
    "resource" : {
      "resourceType" : "Observation",
      "id" : "f87915c0-10ee-11ee-afc7-2e8ac521fb46",
      "text" : {
        "status" : "generated",
        "div" : "<div xmlns=\"http://www.w3.org/1999/xhtml\"><p><b>Generated Narrative: Observation</b><a name=\"f87915c0-10ee-11ee-afc7-2e8ac521fb46\"> </a></p><div style=\"display: inline-block; background-color: #d9e0e7; padding: 6px; margin: 4px; border: 1px solid #8da1b4; border-radius: 5px; line-height: 60%\"><p style=\"margin-bottom: 0px\">Resource Observation &quot;f87915c0-10ee-11ee-afc7-2e8ac521fb46&quot; </p></div><p><b>status</b>: final</p><p><b>code</b>: expectations_score <span style=\"background: LightGoldenRodYellow; margin: 4px; border: 1px solid khaki\"> (my-cs#expectations_score)</span></p><p><b>value</b>: 0</p><p><b>device</b>: <a href=\"#Device_mlmodel\">See above (Device/mlmodel)</a></p></div>"
      },
      "status" : "final",
      "code" : {
        "coding" : [{
          "system" : "http://example.org/CodeSystem/my-cs",
          "code" : "expectations_score",
          "display" : "expectations_score"
        }]
      },
      "valueQuantity" : {
        "value" : 0
      },
      "device" : {
        "reference" : "Device/mlmodel"
      }
    }
  },
  {
    "fullUrl" : "http://localhost:8080/fhir/Observation/f8791606-10ee-11ee-afc7-2e8ac521fb46",
    "resource" : {
      "resourceType" : "Observation",
      "id" : "f8791606-10ee-11ee-afc7-2e8ac521fb46",
      "text" : {
        "status" : "generated",
        "div" : "<div xmlns=\"http://www.w3.org/1999/xhtml\"><p><b>Generated Narrative: Observation</b><a name=\"f8791606-10ee-11ee-afc7-2e8ac521fb46\"> </a></p><div style=\"display: inline-block; background-color: #d9e0e7; padding: 6px; margin: 4px; border: 1px solid #8da1b4; border-radius: 5px; line-height: 60%\"><p style=\"margin-bottom: 0px\">Resource Observation &quot;f8791606-10ee-11ee-afc7-2e8ac521fb46&quot; </p></div><p><b>status</b>: final</p><p><b>code</b>: lof_outlier <span style=\"background: LightGoldenRodYellow; margin: 4px; border: 1px solid khaki\"> (my-cs#lof_outlier)</span></p><p><b>value</b>: 0</p><p><b>device</b>: <a href=\"#Device_mlmodel\">See above (Device/mlmodel)</a></p></div>"
      },
      "status" : "final",
      "code" : {
        "coding" : [{
          "system" : "http://example.org/CodeSystem/my-cs",
          "code" : "lof_outlier",
          "display" : "lof_outlier"
        }]
      },
      "valueQuantity" : {
        "value" : 0
      },
      "device" : {
        "reference" : "Device/mlmodel"
      }
    }
  },
  {
    "fullUrl" : "http://localhost:8080/fhir/Observation/f879164c-10ee-11ee-afc7-2e8ac521fb46",
    "resource" : {
      "resourceType" : "Observation",
      "id" : "f879164c-10ee-11ee-afc7-2e8ac521fb46",
      "text" : {
        "status" : "generated",
        "div" : "<div xmlns=\"http://www.w3.org/1999/xhtml\"><p><b>Generated Narrative: Observation</b><a name=\"f879164c-10ee-11ee-afc7-2e8ac521fb46\"> </a></p><div style=\"display: inline-block; background-color: #d9e0e7; padding: 6px; margin: 4px; border: 1px solid #8da1b4; border-radius: 5px; line-height: 60%\"><p style=\"margin-bottom: 0px\">Resource Observation &quot;f879164c-10ee-11ee-afc7-2e8ac521fb46&quot; </p></div><p><b>status</b>: final</p><p><b>code</b>: elliptic_outlier <span style=\"background: LightGoldenRodYellow; margin: 4px; border: 1px solid khaki\"> (my-cs#elliptic_outlier)</span></p><p><b>value</b>: 0</p><p><b>device</b>: <a href=\"#Device_mlmodel\">See above (Device/mlmodel)</a></p></div>"
      },
      "status" : "final",
      "code" : {
        "coding" : [{
          "system" : "http://example.org/CodeSystem/my-cs",
          "code" : "elliptic_outlier",
          "display" : "elliptic_outlier"
        }]
      },
      "valueQuantity" : {
        "value" : 0
      },
      "device" : {
        "reference" : "Device/mlmodel"
      }
    }
  }]
}