{
  "resourceType": "CodeSystem",
  "id": "ml-response-cs",
  "text": {
    "status": "generated",
    "div": "<div xmlns=\"http://www.w3.org/1999/xhtml\"><p>This code system http://hl7.org/fhir/us/example/CodeSystem/ml-response-cs defines the following codes:</p><table class=\"codes\"><tr><td style=\"white-space:nowrap\"><b>Code</b></td><td><b>Display</b></td><td><b>Definition</b></td></tr><tr><td style=\"white-space:nowrap\">OK<a name=\"ml-response-cs-OK\"> </a></td><td>Level Ok</td><td>Level Ok</td></tr><tr><td style=\"white-space:nowrap\">WARN<a name=\"ml-response-cs-WARN\"> </a></td><td>Warning level 1</td><td>Warning level 1</td></tr><tr><td style=\"white-space:nowrap\">NOK<a name=\"ml-response-cs-NOK\"> </a></td><td>Error level</td><td>Error level</td></tr></table></div>"
  },
  "url": "http://hl7.org/fhir/us/example/CodeSystem/ml-response-cs",
  "version": "0.1.0-test",
  "name": "MLResponseCS",
  "title": "Machine Learning Models code system",
  "status": "active",
  "date": "2022-04-20T08:29:01+00:00",
  "publisher": "xxxYour Work Group",
  "contact": [
    {
      "telecom": [
        {
          "system": "url",
          "value": "http://xxhl7.org/Special/committees/[something]"
        }
      ]
    }
  ],
  "description": "Machine Learning Models code system",
  "jurisdiction": [
    {
      "coding": [
        {
          "system": "http://unstats.un.org/unsd/methods/m49/m49.htm",
          "code": "001"
        }
      ]
    }
  ],
  "content": "complete",
  "count": 3,
  "concept": [
    {
      "code": "OK",
      "display": "Level Ok",
      "definition": "Level Ok"
    },
    {
      "code": "WARN",
      "display": "Warning level 1",
      "definition": "Warning level 1"
    },
    {
      "code": "NOK",
      "display": "Error level",
      "definition": "Error level"
    }
  ]
}