{
  "resourceType": "Parameters",
  "id": "MLParameterExample",
  "meta": {
    "profile": [
      "http://hl7.org/fhir/us/example/StructureDefinition/MLParameter"
    ]
  },
  "parameter": [
    {
      "name": "APRESENTACAO_31",
      "valueCoding": {
        "code": "cefálica"
      }
    },
    {
      "name": "APRESENTACAO_28",
      "valueCoding": {
        "code": "None"
      }
    },
    {
      "name": "ESTIMATIVA_PESO_ECO_39"
    },
    {
      "name": "APRESENTACAO_30",
      "valueCoding": {
        "code": "None"
      }
    },
    {
      "name": "APRESENTACAO_37",
      "valueCoding": {
        "code": "None"
      }
    },
    {
      "name": "GRUPO_ROBSON",
      "valueCoding": {
        "code": "1"
      }
    },
    {
      "name": "BISHOP_SCORE",
      "valueCoding": {
        "code": "None"
      }
    },
    {
      "name": "PESO_INICIAL",
      "valueInteger": 57
    },
    {
      "name": "ESTIMATIVA_PESO_ECO_32"
    },
    {
      "name": "IDADE_MATERNA",
      "valueInteger": 36
    },
    {
      "name": "APRESENTACAO_35",
      "valueCoding": {
        "code": "None"
      }
    },
    {
      "name": "IMC",
      "valueDecimal": 19.7
    },
    {
      "name": "APRESENTACAO_32",
      "valueCoding": {
        "code": "None"
      }
    },
    {
      "name": "APRESENTACAO_26",
      "valueCoding": {
        "code": "None"
      }
    },
    {
      "name": "ESTIMATIVA_PESO_ECO_24"
    },
    {
      "name": "APRESENTACAO_34",
      "valueCoding": {
        "code": "None"
      }
    },
    {
      "name": "ESTIMATIVA_PESO_ECO_40"
    },
    {
      "name": "APRESENTACAO_33",
      "valueCoding": {
        "code": "None"
      }
    },
    {
      "name": "APRESENTACAO_NO_PARTO",
      "valueCoding": {
        "code": "Cefálica de vértice"
      }
    },
    {
      "name": "NUMERO_CONSULTAS_PRE_NATAL",
      "valueInteger": 14
    },
    {
      "name": "APRESENTACAO_38",
      "valueCoding": {
        "code": "None"
      }
    },
    {
      "name": "APRESENTACAO_29",
      "valueCoding": {
        "code": "None"
      }
    },
    {
      "name": "ESTIMATIVA_PESO_ECO_41"
    },
    {
      "name": "APRESENTACAO_ADMISSAO",
      "valueCoding": {
        "code": "-1"
      }
    },
    {
      "name": "BISHOP_EXTINCAO",
      "valueCoding": {
        "code": "None"
      }
    },
    {
      "name": "APRESENTACAO_27",
      "valueCoding": {
        "code": "None"
      }
    },
    {
      "name": "ESTIMATIVA_PESO_ECO_33"
    },
    {
      "name": "CESARIANAS_ANTERIOR"
    },
    {
      "name": "APRESENTACAO_36",
      "valueCoding": {
        "code": "None"
      }
    },
    {
      "name": "ESTIMATIVA_PESO_ECO_37"
    },
    {
      "name": "TRAB_PARTO_ENTRADA_ESPONTANEO",
      "valueCoding": {
        "code": "None"
      }
    },
    {
      "name": "ESTIMATIVA_PESO_ECO_38"
    },
    {
      "name": "part_mcdt_ctgs",
      "valueInteger": 0
    },
    {
      "name": "apres_feto_34",
      "valueInteger": 0
    },
    {
      "name": "tparto_rpm",
      "valueInteger": 0
    },
    {
      "name": "rn_ucin",
      "valueInteger": 0
    },
    {
      "name": "part_vig",
      "valueInteger": 0
    },
    {
      "name": "grav_feto_altcf",
      "valueInteger": 0
    },
    {
      "name": "tparto_esp",
      "valueInteger": 1
    },
    {
      "name": "apres_feto_34_pelve",
      "valueInteger": 0
    },
    {
      "name": "parto_comp",
      "valueInteger": 0
    },
    {
      "name": "ciru_laqt",
      "valueInteger": 0
    },
    {
      "name": "puer_comp_cica",
      "valueInteger": 0
    },
    {
      "name": "tparto_rpm_espo",
      "valueInteger": 0
    },
    {
      "name": "grav_plac",
      "valueInteger": 0
    },
    {
      "name": "parto_23P",
      "valueInteger": 0
    },
    {
      "name": "card_dhta",
      "valueInteger": 0
    },
    {
      "name": "parto_comp_cervical",
      "valueInteger": 0
    },
    {
      "name": "part_aep",
      "valueInteger": 1
    }
  ]
}