{"resourceType":"ValueSet","id":"my-vs","text":{"status":"generated","div":"<div xmlns=\"http://www.w3.org/1999/xhtml\"><ul><li>Include all codes defined in <a href=\"CodeSystem-my-cs.html\"><code>https://joofio.github.io/obs-cdss-fhir/CodeSystem/my-cs</code></a></li></ul></div>"},"url":"https://joofio.github.io/obs-cdss-fhir/ValueSet/my-vs","version":"0.1.0","name":"MyVS","title":"value set","status":"draft","date":"2024-03-26T13:57:12+00:00","description":"value set","compose":{"include":[{"system":"https://joofio.github.io/obs-cdss-fhir/CodeSystem/my-cs"}]}}