<?xml version="1.0" encoding="UTF-8"?><ImplementationGuide xmlns="http://hl7.org/fhir"><id value="xxexample.fhir.uv.myig"/><text><status value="extensions"/><div xmlns="http://www.w3.org/1999/xhtml"><h2>obs-cds-ig</h2><p>The official URL for this implementation guide is: </p><pre>http://xxsomewhere.org/fhir/myig/ImplementationGuide/xxexample.fhir.uv.myig</pre><div><p>xxxA brief description of what this IG is about</p>
</div></div></text><url value="http://xxsomewhere.org/fhir/myig/ImplementationGuide/xxexample.fhir.uv.myig"/><version value="0.1.0-test"/><name value="obs-cds-ig"/><title value="Obstetrics CDSS IG"/><status value="draft"/><experimental value="false"/><date value="2022-07-15T07:33:23+00:00"/><publisher value="xxxYour Work Group"/><contact><telecom><system value="url"/><value value="http://xxhl7.org/Special/committees/[something]"/></telecom></contact><description value="xxxA brief description of what this IG is about "/><jurisdiction><coding><system value="http://unstats.un.org/unsd/methods/m49/m49.htm"/><code value="001"/></coding></jurisdiction><packageId value="OBSCDSS.fhir.uv.myig"/><license value="CC0-1.0"/><fhirVersion value="4.0.1"/><dependsOn id="hl7tx"><uri value="http://terminology.hl7.org/ImplementationGuide/hl7.terminology"/><packageId value="hl7.terminology.r4"/><version value="3.1.0"/></dependsOn><definition><extension url="http://hl7.org/fhir/tools/StructureDefinition/ig-parameter"><extension url="code"><valueString value="copyrightyear"/></extension><extension url="value"><valueString value="2019+"/></extension></extension><extension url="http://hl7.org/fhir/tools/StructureDefinition/ig-parameter"><extension url="code"><valueString value="releaselabel"/></extension><extension url="value"><valueString value="CI Build"/></extension></extension><extension url="http://hl7.org/fhir/tools/StructureDefinition/ig-parameter"><extension url="code"><valueString value="path-binary"/></extension><extension url="value"><valueString value="input\cql"/></extension></extension><extension url="http://hl7.org/fhir/tools/StructureDefinition/ig-parameter"><extension url="code"><valueString value="path-liquid"/></extension><extension url="value"><valueString value="templates\liquid"/></extension></extension><extension url="http://hl7.org/fhir/tools/StructureDefinition/ig-parameter"><extension url="code"><valueString value="autoload-resources"/></extension><extension url="value"><valueString value="true"/></extension></extension><extension url="http://hl7.org/fhir/tools/StructureDefinition/ig-parameter"><extension url="code"><valueString value="path-liquid"/></extension><extension url="value"><valueString value="template/liquid"/></extension></extension><extension url="http://hl7.org/fhir/tools/StructureDefinition/ig-parameter"><extension url="code"><valueString value="path-liquid"/></extension><extension url="value"><valueString value="input/liquid"/></extension></extension><extension url="http://hl7.org/fhir/tools/StructureDefinition/ig-parameter"><extension url="code"><valueString value="path-qa"/></extension><extension url="value"><valueString value="temp/qa"/></extension></extension><extension url="http://hl7.org/fhir/tools/StructureDefinition/ig-parameter"><extension url="code"><valueString value="path-temp"/></extension><extension url="value"><valueString value="temp/pages"/></extension></extension><extension url="http://hl7.org/fhir/tools/StructureDefinition/ig-parameter"><extension url="code"><valueString value="path-output"/></extension><extension url="value"><valueString value="output"/></extension></extension><extension url="http://hl7.org/fhir/tools/StructureDefinition/ig-parameter"><extension url="code"><valueString value="path-suppressed-warnings"/></extension><extension url="value"><valueString value="input/ignoreWarnings.txt"/></extension></extension><extension url="http://hl7.org/fhir/tools/StructureDefinition/ig-parameter"><extension url="code"><valueString value="path-history"/></extension><extension url="value"><valueString value="http://xxsomewhere.org/fhir/myig/history.html"/></extension></extension><extension url="http://hl7.org/fhir/tools/StructureDefinition/ig-parameter"><extension url="code"><valueString value="template-html"/></extension><extension url="value"><valueString value="template-page.html"/></extension></extension><extension url="http://hl7.org/fhir/tools/StructureDefinition/ig-parameter"><extension url="code"><valueString value="template-md"/></extension><extension url="value"><valueString value="template-page-md.html"/></extension></extension><extension url="http://hl7.org/fhir/tools/StructureDefinition/ig-parameter"><extension url="code"><valueString value="apply-contact"/></extension><extension url="value"><valueString value="true"/></extension></extension><extension url="http://hl7.org/fhir/tools/StructureDefinition/ig-parameter"><extension url="code"><valueString value="apply-context"/></extension><extension url="value"><valueString value="true"/></extension></extension><extension url="http://hl7.org/fhir/tools/StructureDefinition/ig-parameter"><extension url="code"><valueString value="apply-copyright"/></extension><extension url="value"><valueString value="true"/></extension></extension><extension url="http://hl7.org/fhir/tools/StructureDefinition/ig-parameter"><extension url="code"><valueString value="apply-jurisdiction"/></extension><extension url="value"><valueString value="true"/></extension></extension><extension url="http://hl7.org/fhir/tools/StructureDefinition/ig-parameter"><extension url="code"><valueString value="apply-license"/></extension><extension url="value"><valueString value="true"/></extension></extension><extension url="http://hl7.org/fhir/tools/StructureDefinition/ig-parameter"><extension url="code"><valueString value="apply-publisher"/></extension><extension url="value"><valueString value="true"/></extension></extension><extension url="http://hl7.org/fhir/tools/StructureDefinition/ig-parameter"><extension url="code"><valueString value="apply-version"/></extension><extension url="value"><valueString value="true"/></extension></extension><extension url="http://hl7.org/fhir/tools/StructureDefinition/ig-parameter"><extension url="code"><valueString value="active-tables"/></extension><extension url="value"><valueString value="true"/></extension></extension><extension url="http://hl7.org/fhir/tools/StructureDefinition/ig-parameter"><extension url="code"><valueString value="fmm-definition"/></extension><extension url="value"><valueString value="http://hl7.org/fhir/versions.html#maturity"/></extension></extension><extension url="http://hl7.org/fhir/tools/StructureDefinition/ig-parameter"><extension url="code"><valueString value="propagate-status"/></extension><extension url="value"><valueString value="true"/></extension></extension><extension url="http://hl7.org/fhir/tools/StructureDefinition/ig-parameter"><extension url="code"><valueString value="excludelogbinaryformat"/></extension><extension url="value"><valueString value="true"/></extension></extension><grouping id="-str-profile"><name value="Structures: Resource Profiles"/><description value="These define constraints on FHIR resources for systems conforming to this implementation guide"/></grouping><grouping id="-term-valueset"><name value="Terminology: Value Sets"/><description value="These define sets of codes used by systems conforming to this implementation guide"/></grouping><grouping id="-term-codesystem"><name value="Terminology: Code Systems"/><description value="These define new code systems used by systems conforming to this implementation guide"/></grouping><grouping id="-other"><name value="Other"/><description value="These are resources that are used within this implementation guide that do not fit into one of the other categories"/></grouping><resource><extension url="http://hl7.org/fhir/StructureDefinition/implementationguide-page"><valueUri value="Communication-sss.html"/></extension><reference><reference value="Communication/sss"/></reference><groupingId value="-other"/></resource><resource><extension url="http://hl7.org/fhir/StructureDefinition/implementationguide-page"><valueUri value="Bundle-MessageForCDSSRequest.html"/></extension><reference><reference value="Bundle/MessageForCDSSRequest"/></reference><groupingId value="-other"/></resource><resource><extension url="http://hl7.org/fhir/StructureDefinition/implementationguide-page"><valueUri value="StructureDefinition-MLParameterRequest.html"/></extension><reference><reference value="StructureDefinition/MLParameterRequest"/></reference><name value="Machine Learning Parameters for obstetrics"/><description value="Inputs for machine learning model"/><groupingId value="-str-profile"/></resource><resource><extension url="http://hl7.org/fhir/StructureDefinition/implementationguide-page"><valueUri value="StructureDefinition-MessageForRequest.html"/></extension><reference><reference value="StructureDefinition/MessageForRequest"/></reference><name value="Message for request"/><description value="The message for requesting a certain CDSS case"/><groupingId value="-str-profile"/></resource><resource><extension url="http://hl7.org/fhir/StructureDefinition/implementationguide-page"><valueUri value="MessageHeader-MessageHeaderCDSSExampleResponse.html"/></extension><reference><reference value="MessageHeader/MessageHeaderCDSSExampleResponse"/></reference><groupingId value="-other"/></resource><resource><extension url="http://hl7.org/fhir/StructureDefinition/implementationguide-page"><valueUri value="StructureDefinition-MessageForCDSS.html"/></extension><reference><reference value="StructureDefinition/MessageForCDSS"/></reference><name value="Message for response"/><description value="The message for response"/><groupingId value="-str-profile"/></resource><resource><extension url="http://hl7.org/fhir/StructureDefinition/implementationguide-page"><valueUri value="ValueSet-ml-type-vs.html"/></extension><reference><reference value="ValueSet/ml-type-vs"/></reference><name value="Machine Learning Models value set"/><description value="Machine Learning Models value set"/><groupingId value="-term-valueset"/></resource><resource><extension url="http://hl7.org/fhir/StructureDefinition/implementationguide-page"><valueUri value="CodeSystem-ml-response-cs.html"/></extension><reference><reference value="CodeSystem/ml-response-cs"/></reference><name value="Model Responses Code System"/><description value="Model Responses Code System"/><groupingId value="-term-codesystem"/></resource><resource><extension url="http://hl7.org/fhir/StructureDefinition/implementationguide-page"><valueUri value="Parameters-MLParameterResponseExample.html"/></extension><reference><reference value="Parameters/MLParameterResponseExample"/></reference><groupingId value="-other"/></resource><resource><extension url="http://hl7.org/fhir/StructureDefinition/implementationguide-page"><valueUri value="Bundle-MessageForCDSSResponse.html"/></extension><reference><reference value="Bundle/MessageForCDSSResponse"/></reference><groupingId value="-other"/></resource><resource><extension url="http://hl7.org/fhir/StructureDefinition/implementationguide-page"><valueUri value="StructureDefinition-OBSCDSSInitializer.html"/></extension><reference><reference value="StructureDefinition/OBSCDSSInitializer"/></reference><name value="Request for prediction"/><description value="The profile for asking for input for a certian CDSS case"/><groupingId value="-str-profile"/></resource><resource><extension url="http://hl7.org/fhir/StructureDefinition/implementationguide-page"><valueUri value="MessageHeader-MessageHeaderCDSSExampleRequest.html"/></extension><reference><reference value="MessageHeader/MessageHeaderCDSSExampleRequest"/></reference><groupingId value="-other"/></resource><resource><extension url="http://hl7.org/fhir/StructureDefinition/implementationguide-page"><valueUri value="ValueSet-ml-response-vs.html"/></extension><reference><reference value="ValueSet/ml-response-vs"/></reference><name value="Model Responses value set"/><description value="Model Responses value set"/><groupingId value="-term-valueset"/></resource><resource><extension url="http://hl7.org/fhir/StructureDefinition/implementationguide-page"><valueUri value="StructureDefinition-OBSCDSSFinalizer.html"/></extension><reference><reference value="StructureDefinition/OBSCDSSFinalizer"/></reference><name value="Prediction"/><description value="The profile for sending the response for a certain CDSS case"/><groupingId value="-str-profile"/></resource><resource><extension url="http://hl7.org/fhir/StructureDefinition/implementationguide-page"><valueUri value="StructureDefinition-MessageHeaderCDSS.html"/></extension><reference><reference value="StructureDefinition/MessageHeaderCDSS"/></reference><name value="Message for response"/><description value="The message for response"/><groupingId value="-str-profile"/></resource><resource><extension url="http://hl7.org/fhir/StructureDefinition/implementationguide-page"><valueUri value="StructureDefinition-MLModel.html"/></extension><reference><reference value="StructureDefinition/MLModel"/></reference><name value="Machine Learning Model"/><description value="The profile for Defining Machine Learning Models for CDSS"/><groupingId value="-str-profile"/></resource><resource><extension url="http://hl7.org/fhir/StructureDefinition/implementationguide-page"><valueUri value="CodeSystem-ml-type-cs.html"/></extension><reference><reference value="CodeSystem/ml-type-cs"/></reference><name value="Machine Learning Models code system"/><description value="Machine Learning Models code system"/><groupingId value="-term-codesystem"/></resource><resource><extension url="http://hl7.org/fhir/StructureDefinition/implementationguide-page"><valueUri value="Parameters-MLParameterRequestExample.html"/></extension><reference><reference value="Parameters/MLParameterRequestExample"/></reference><groupingId value="-other"/></resource><resource><extension url="http://hl7.org/fhir/StructureDefinition/implementationguide-page"><valueUri value="CommunicationRequest-OBSCDSSInitializerExample.html"/></extension><reference><reference value="CommunicationRequest/OBSCDSSInitializerExample"/></reference><groupingId value="-other"/></resource><resource><extension url="http://hl7.org/fhir/StructureDefinition/implementationguide-page"><valueUri value="StructureDefinition-MLParameterResponse.html"/></extension><reference><reference value="StructureDefinition/MLParameterResponse"/></reference><name value="Machine Learning Parameters for obstetrics"/><description value="Outputs for machine learning model"/><groupingId value="-str-profile"/></resource><resource><extension url="http://hl7.org/fhir/StructureDefinition/implementationguide-page"><valueUri value="Device-sss.html"/></extension><reference><reference value="Device/sss"/></reference><groupingId value="-other"/></resource><page><nameUrl value="toc.html"/><title value="Table of Contents"/><generation value="html"/><page><nameUrl value="index.html"/><title value="MyIG Home Page"/><generation value="html"/></page><page><nameUrl value="workflow.html"/><title value="CDS Workflow"/><generation value="markdown"/></page><page><nameUrl value="downloads.html"/><title value="Downloads"/><generation value="xml"/></page><page><nameUrl value="artifacts.html"/><title value="Artifacts Summary"/><generation value="html"/><page><nameUrl value="StructureDefinition-MLParameterRequest.html"/><title value="Machine Learning Parameters for obstetrics"/><generation value="generated"/></page><page><nameUrl value="StructureDefinition-MessageForRequest.html"/><title value="Message for request"/><generation value="generated"/></page><page><nameUrl value="StructureDefinition-MessageForCDSS.html"/><title value="Message for response"/><generation value="generated"/></page><page><nameUrl value="StructureDefinition-OBSCDSSInitializer.html"/><title value="Request for prediction"/><generation value="generated"/></page><page><nameUrl value="StructureDefinition-OBSCDSSFinalizer.html"/><title value="Prediction"/><generation value="generated"/></page><page><nameUrl value="StructureDefinition-MessageHeaderCDSS.html"/><title value="Message for response"/><generation value="generated"/></page><page><nameUrl value="StructureDefinition-MLModel.html"/><title value="Machine Learning Model"/><generation value="generated"/></page><page><nameUrl value="StructureDefinition-MLParameterResponse.html"/><title value="Machine Learning Parameters for obstetrics"/><generation value="generated"/></page><page><nameUrl value="ValueSet-ml-type-vs.html"/><title value="Machine Learning Models value set"/><generation value="generated"/></page><page><nameUrl value="ValueSet-ml-response-vs.html"/><title value="Model Responses value set"/><generation value="generated"/></page><page><nameUrl value="CodeSystem-ml-response-cs.html"/><title value="Model Responses Code System"/><generation value="generated"/></page><page><nameUrl value="CodeSystem-ml-type-cs.html"/><title value="Machine Learning Models code system"/><generation value="generated"/></page><page><nameUrl value="Communication-sss.html"/><generation value="generated"/></page><page><nameUrl value="Bundle-MessageForCDSSRequest.html"/><generation value="generated"/></page><page><nameUrl value="MessageHeader-MessageHeaderCDSSExampleResponse.html"/><generation value="generated"/></page><page><nameUrl value="Parameters-MLParameterResponseExample.html"/><generation value="generated"/></page><page><nameUrl value="Bundle-MessageForCDSSResponse.html"/><generation value="generated"/></page><page><nameUrl value="MessageHeader-MessageHeaderCDSSExampleRequest.html"/><generation value="generated"/></page><page><nameUrl value="Parameters-MLParameterRequestExample.html"/><generation value="generated"/></page><page><nameUrl value="CommunicationRequest-OBSCDSSInitializerExample.html"/><generation value="generated"/></page><page><nameUrl value="Device-sss.html"/><generation value="generated"/></page></page></page><parameter><code value="path-resource"/><value value="input\history"/></parameter><parameter><code value="path-resource"/><value value="input\scenarios"/></parameter><parameter><code value="path-resource"/><value value="input/capabilities"/></parameter><parameter><code value="path-resource"/><value value="input/examples"/></parameter><parameter><code value="path-resource"/><value value="input/extensions"/></parameter><parameter><code value="path-resource"/><value value="input/models"/></parameter><parameter><code value="path-resource"/><value value="input/operations"/></parameter><parameter><code value="path-resource"/><value value="input/profiles"/></parameter><parameter><code value="path-resource"/><value value="input/resources"/></parameter><parameter><code value="path-resource"/><value value="input/vocabulary"/></parameter><parameter><code value="path-resource"/><value value="input/testing"/></parameter><parameter><code value="path-resource"/><value value="input/history"/></parameter><parameter><code value="path-resource"/><value value="fsh-generated/resources"/></parameter><parameter><code value="path-pages"/><value value="template/config"/></parameter><parameter><code value="path-pages"/><value value="input/images"/></parameter><parameter><code value="path-tx-cache"/><value value="input-cache/txcache"/></parameter></definition></ImplementationGuide>