<?xml version="1.0" encoding="UTF-8"?><ValueSet xmlns="http://hl7.org/fhir"><id value="ml-type-vs"/><text><status value="generated"/><div xmlns="http://www.w3.org/1999/xhtml"><ul><li>Include all codes defined in <a href="CodeSystem-ml-type-cs.html"><code>http://hl7.org/fhir/us/example/CodeSystem/ml-type-cs</code></a></li></ul></div></text><url value="http://hl7.org/fhir/us/example/ValueSet/ml-type-vs"/><version value="0.1.0-test"/><name value="MlTypesVS"/><title value="Machine Learning Models value set"/><status value="active"/><date value="2022-07-09T09:32:33+00:00"/><publisher value="xxxYour Work Group"/><contact><telecom><system value="url"/><value value="http://xxhl7.org/Special/committees/[something]"/></telecom></contact><description value="Machine Learning Models value set"/><jurisdiction><coding><system value="http://unstats.un.org/unsd/methods/m49/m49.htm"/><code value="001"/></coding></jurisdiction><compose><include><system value="http://hl7.org/fhir/us/example/CodeSystem/ml-type-cs"/></include></compose></ValueSet>