<?xml version="1.0" encoding="UTF-8"?><ValueSet xmlns="http://hl7.org/fhir"><id value="my-vs"/><text><status value="generated"/><div xmlns="http://www.w3.org/1999/xhtml"><ul><li>Include all codes defined in <a href="CodeSystem-my-cs.html"><code>https://joofio.github.io/obs-cdss-fhir/CodeSystem/my-cs</code></a></li></ul></div></text><url value="https://joofio.github.io/obs-cdss-fhir/ValueSet/my-vs"/><version value="0.1.0"/><name value="MyVS"/><title value="value set"/><status value="draft"/><date value="2024-03-26T13:57:12+00:00"/><description value="value set"/><compose><include><system value="https://joofio.github.io/obs-cdss-fhir/CodeSystem/my-cs"/></include></compose></ValueSet>