<?xml version="1.0" encoding="UTF-8"?><ValueSet xmlns="http://hl7.org/fhir"><id value="ml-response-vs"/><text><status value="generated"/><div xmlns="http://www.w3.org/1999/xhtml"><ul><li>Include all codes defined in <a href="CodeSystem-ml-response-cs.html"><code>https://joofio.github.io/obs-cdss-fhir/CodeSystem/ml-response-cs</code></a></li></ul></div></text><url value="https://joofio.github.io/obs-cdss-fhir/ValueSet/ml-response-vs"/><version value="0.1.0"/><name value="MLResponseVS"/><title value="Model Responses value set"/><status value="active"/><date value="2023-06-03T17:27:06+00:00"/><description value="Model Responses value set"/><compose><include><system value="https://joofio.github.io/obs-cdss-fhir/CodeSystem/ml-response-cs"/></include></compose></ValueSet>