{
  "resourceType" : "ValueSet",
  "id" : "ml-type-vs",
  "text" : {
    "status" : "generated",
    "div" : "<div xmlns=\"http://www.w3.org/1999/xhtml\"><ul><li>Include all codes defined in <a href=\"CodeSystem-ml-type-cs.html\"><code>https://joofio.github.io/obs-cdss-fhir/CodeSystem/ml-type-cs</code></a></li></ul></div>"
  },
  "url" : "https://joofio.github.io/obs-cdss-fhir/ValueSet/ml-type-vs",
  "version" : "0.1.0",
  "name" : "MlTypesVS",
  "title" : "Machine Learning Models value set",
  "status" : "draft",
  "date" : "2023-06-22T10:40:10+00:00",
  "description" : "Machine Learning Models value set",
  "compose" : {
    "include" : [{
      "system" : "https://joofio.github.io/obs-cdss-fhir/CodeSystem/ml-type-cs"
    }]
  }
}