{"resourceType":"ImplementationGuide","id":"xxexample.fhir.uv.myig","text":{"status":"extensions","div":"<div xmlns=\"http://www.w3.org/1999/xhtml\"><h2>obs-cds-ig</h2><p>The official URL for this implementation guide is: </p><pre>http://xxsomewhere.org/fhir/myig/ImplementationGuide/xxexample.fhir.uv.myig</pre><div><p>xxxA brief description of what this IG is about</p>\n</div></div>"},"url":"http://xxsomewhere.org/fhir/myig/ImplementationGuide/xxexample.fhir.uv.myig","version":"0.1.0-test","name":"obs-cds-ig","title":"Obstetrics CDSS IG","status":"draft","experimental":false,"date":"2022-07-15T07:32:14+00:00","publisher":"xxxYour Work Group","contact":[{"telecom":[{"system":"url","value":"http://xxhl7.org/Special/committees/[something]"}]}],"description":"xxxA brief description of what this IG is about ","jurisdiction":[{"coding":[{"system":"http://unstats.un.org/unsd/methods/m49/m49.htm","code":"001"}]}],"packageId":"OBSCDSS.fhir.uv.myig","license":"CC0-1.0","fhirVersion":["4.0.1"],"dependsOn":[{"id":"hl7tx","uri":"http://terminology.hl7.org/ImplementationGuide/hl7.terminology","packageId":"hl7.terminology.r4","version":"3.1.0"}],"definition":{"extension":[{"extension":[{"url":"code","valueString":"copyrightyear"},{"url":"value","valueString":"2019+"}],"url":"http://hl7.org/fhir/tools/StructureDefinition/ig-parameter"},{"extension":[{"url":"code","valueString":"releaselabel"},{"url":"value","valueString":"CI Build"}],"url":"http://hl7.org/fhir/tools/StructureDefinition/ig-parameter"},{"extension":[{"url":"code","valueString":"path-binary"},{"url":"value","valueString":"input\\cql"}],"url":"http://hl7.org/fhir/tools/StructureDefinition/ig-parameter"},{"extension":[{"url":"code","valueString":"path-liquid"},{"url":"value","valueString":"templates\\liquid"}],"url":"http://hl7.org/fhir/tools/StructureDefinition/ig-parameter"},{"extension":[{"url":"code","valueString":"autoload-resources"},{"url":"value","valueString":"true"}],"url":"http://hl7.org/fhir/tools/StructureDefinition/ig-parameter"},{"extension":[{"url":"code","valueString":"path-liquid"},{"url":"value","valueString":"template/liquid"}],"url":"http://hl7.org/fhir/tools/StructureDefinition/ig-parameter"},{"extension":[{"url":"code","valueString":"path-liquid"},{"url":"value","valueString":"input/liquid"}],"url":"http://hl7.org/fhir/tools/StructureDefinition/ig-parameter"},{"extension":[{"url":"code","valueString":"path-qa"},{"url":"value","valueString":"temp/qa"}],"url":"http://hl7.org/fhir/tools/StructureDefinition/ig-parameter"},{"extension":[{"url":"code","valueString":"path-temp"},{"url":"value","valueString":"temp/pages"}],"url":"http://hl7.org/fhir/tools/StructureDefinition/ig-parameter"},{"extension":[{"url":"code","valueString":"path-output"},{"url":"value","valueString":"output"}],"url":"http://hl7.org/fhir/tools/StructureDefinition/ig-parameter"},{"extension":[{"url":"code","valueString":"path-suppressed-warnings"},{"url":"value","valueString":"input/ignoreWarnings.txt"}],"url":"http://hl7.org/fhir/tools/StructureDefinition/ig-parameter"},{"extension":[{"url":"code","valueString":"path-history"},{"url":"value","valueString":"http://xxsomewhere.org/fhir/myig/history.html"}],"url":"http://hl7.org/fhir/tools/StructureDefinition/ig-parameter"},{"extension":[{"url":"code","valueString":"template-html"},{"url":"value","valueString":"template-page.html"}],"url":"http://hl7.org/fhir/tools/StructureDefinition/ig-parameter"},{"extension":[{"url":"code","valueString":"template-md"},{"url":"value","valueString":"template-page-md.html"}],"url":"http://hl7.org/fhir/tools/StructureDefinition/ig-parameter"},{"extension":[{"url":"code","valueString":"apply-contact"},{"url":"value","valueString":"true"}],"url":"http://hl7.org/fhir/tools/StructureDefinition/ig-parameter"},{"extension":[{"url":"code","valueString":"apply-context"},{"url":"value","valueString":"true"}],"url":"http://hl7.org/fhir/tools/StructureDefinition/ig-parameter"},{"extension":[{"url":"code","valueString":"apply-copyright"},{"url":"value","valueString":"true"}],"url":"http://hl7.org/fhir/tools/StructureDefinition/ig-parameter"},{"extension":[{"url":"code","valueString":"apply-jurisdiction"},{"url":"value","valueString":"true"}],"url":"http://hl7.org/fhir/tools/StructureDefinition/ig-parameter"},{"extension":[{"url":"code","valueString":"apply-license"},{"url":"value","valueString":"true"}],"url":"http://hl7.org/fhir/tools/StructureDefinition/ig-parameter"},{"extension":[{"url":"code","valueString":"apply-publisher"},{"url":"value","valueString":"true"}],"url":"http://hl7.org/fhir/tools/StructureDefinition/ig-parameter"},{"extension":[{"url":"code","valueString":"apply-version"},{"url":"value","valueString":"true"}],"url":"http://hl7.org/fhir/tools/StructureDefinition/ig-parameter"},{"extension":[{"url":"code","valueString":"active-tables"},{"url":"value","valueString":"true"}],"url":"http://hl7.org/fhir/tools/StructureDefinition/ig-parameter"},{"extension":[{"url":"code","valueString":"fmm-definition"},{"url":"value","valueString":"http://hl7.org/fhir/versions.html#maturity"}],"url":"http://hl7.org/fhir/tools/StructureDefinition/ig-parameter"},{"extension":[{"url":"code","valueString":"propagate-status"},{"url":"value","valueString":"true"}],"url":"http://hl7.org/fhir/tools/StructureDefinition/ig-parameter"},{"extension":[{"url":"code","valueString":"excludelogbinaryformat"},{"url":"value","valueString":"true"}],"url":"http://hl7.org/fhir/tools/StructureDefinition/ig-parameter"}],"grouping":[{"id":"-str-profile","name":"Structures: Resource Profiles","description":"These define constraints on FHIR resources for systems conforming to this implementation guide"},{"id":"-term-valueset","name":"Terminology: Value Sets","description":"These define sets of codes used by systems conforming to this implementation guide"},{"id":"-term-codesystem","name":"Terminology: Code Systems","description":"These define new code systems used by systems conforming to this implementation guide"},{"id":"-other","name":"Other","description":"These are resources that are used within this implementation guide that do not fit into one of the other categories"}],"resource":[{"extension":[{"url":"http://hl7.org/fhir/StructureDefinition/implementationguide-page","valueUri":"Communication-sss.html"}],"reference":{"reference":"Communication/sss"},"groupingId":"-other"},{"extension":[{"url":"http://hl7.org/fhir/StructureDefinition/implementationguide-page","valueUri":"Bundle-MessageForCDSSRequest.html"}],"reference":{"reference":"Bundle/MessageForCDSSRequest"},"groupingId":"-other"},{"extension":[{"url":"http://hl7.org/fhir/StructureDefinition/implementationguide-page","valueUri":"StructureDefinition-MLParameterRequest.html"}],"reference":{"reference":"StructureDefinition/MLParameterRequest"},"name":"Machine Learning Parameters for obstetrics","description":"Inputs for machine learning model","groupingId":"-str-profile"},{"extension":[{"url":"http://hl7.org/fhir/StructureDefinition/implementationguide-page","valueUri":"StructureDefinition-MessageForRequest.html"}],"reference":{"reference":"StructureDefinition/MessageForRequest"},"name":"Message for request","description":"The message for requesting a certain CDSS case","groupingId":"-str-profile"},{"extension":[{"url":"http://hl7.org/fhir/StructureDefinition/implementationguide-page","valueUri":"MessageHeader-MessageHeaderCDSSExampleResponse.html"}],"reference":{"reference":"MessageHeader/MessageHeaderCDSSExampleResponse"},"groupingId":"-other"},{"extension":[{"url":"http://hl7.org/fhir/StructureDefinition/implementationguide-page","valueUri":"StructureDefinition-MessageForCDSS.html"}],"reference":{"reference":"StructureDefinition/MessageForCDSS"},"name":"Message for response","description":"The message for response","groupingId":"-str-profile"},{"extension":[{"url":"http://hl7.org/fhir/StructureDefinition/implementationguide-page","valueUri":"ValueSet-ml-type-vs.html"}],"reference":{"reference":"ValueSet/ml-type-vs"},"name":"Machine Learning Models value set","description":"Machine Learning Models value set","groupingId":"-term-valueset"},{"extension":[{"url":"http://hl7.org/fhir/StructureDefinition/implementationguide-page","valueUri":"CodeSystem-ml-response-cs.html"}],"reference":{"reference":"CodeSystem/ml-response-cs"},"name":"Model Responses Code System","description":"Model Responses Code System","groupingId":"-term-codesystem"},{"extension":[{"url":"http://hl7.org/fhir/StructureDefinition/implementationguide-page","valueUri":"Parameters-MLParameterResponseExample.html"}],"reference":{"reference":"Parameters/MLParameterResponseExample"},"groupingId":"-other"},{"extension":[{"url":"http://hl7.org/fhir/StructureDefinition/implementationguide-page","valueUri":"Bundle-MessageForCDSSResponse.html"}],"reference":{"reference":"Bundle/MessageForCDSSResponse"},"groupingId":"-other"},{"extension":[{"url":"http://hl7.org/fhir/StructureDefinition/implementationguide-page","valueUri":"StructureDefinition-OBSCDSSInitializer.html"}],"reference":{"reference":"StructureDefinition/OBSCDSSInitializer"},"name":"Request for prediction","description":"The profile for asking for input for a certian CDSS case","groupingId":"-str-profile"},{"extension":[{"url":"http://hl7.org/fhir/StructureDefinition/implementationguide-page","valueUri":"MessageHeader-MessageHeaderCDSSExampleRequest.html"}],"reference":{"reference":"MessageHeader/MessageHeaderCDSSExampleRequest"},"groupingId":"-other"},{"extension":[{"url":"http://hl7.org/fhir/StructureDefinition/implementationguide-page","valueUri":"ValueSet-ml-response-vs.html"}],"reference":{"reference":"ValueSet/ml-response-vs"},"name":"Model Responses value set","description":"Model Responses value set","groupingId":"-term-valueset"},{"extension":[{"url":"http://hl7.org/fhir/StructureDefinition/implementationguide-page","valueUri":"StructureDefinition-OBSCDSSFinalizer.html"}],"reference":{"reference":"StructureDefinition/OBSCDSSFinalizer"},"name":"Prediction","description":"The profile for sending the response for a certain CDSS case","groupingId":"-str-profile"},{"extension":[{"url":"http://hl7.org/fhir/StructureDefinition/implementationguide-page","valueUri":"StructureDefinition-MessageHeaderCDSS.html"}],"reference":{"reference":"StructureDefinition/MessageHeaderCDSS"},"name":"Message for response","description":"The message for response","groupingId":"-str-profile"},{"extension":[{"url":"http://hl7.org/fhir/StructureDefinition/implementationguide-page","valueUri":"StructureDefinition-MLModel.html"}],"reference":{"reference":"StructureDefinition/MLModel"},"name":"Machine Learning Model","description":"The profile for Defining Machine Learning Models for CDSS","groupingId":"-str-profile"},{"extension":[{"url":"http://hl7.org/fhir/StructureDefinition/implementationguide-page","valueUri":"CodeSystem-ml-type-cs.html"}],"reference":{"reference":"CodeSystem/ml-type-cs"},"name":"Machine Learning Models code system","description":"Machine Learning Models code system","groupingId":"-term-codesystem"},{"extension":[{"url":"http://hl7.org/fhir/StructureDefinition/implementationguide-page","valueUri":"Parameters-MLParameterRequestExample.html"}],"reference":{"reference":"Parameters/MLParameterRequestExample"},"groupingId":"-other"},{"extension":[{"url":"http://hl7.org/fhir/StructureDefinition/implementationguide-page","valueUri":"CommunicationRequest-OBSCDSSInitializerExample.html"}],"reference":{"reference":"CommunicationRequest/OBSCDSSInitializerExample"},"groupingId":"-other"},{"extension":[{"url":"http://hl7.org/fhir/StructureDefinition/implementationguide-page","valueUri":"StructureDefinition-MLParameterResponse.html"}],"reference":{"reference":"StructureDefinition/MLParameterResponse"},"name":"Machine Learning Parameters for obstetrics","description":"Outputs for machine learning model","groupingId":"-str-profile"},{"extension":[{"url":"http://hl7.org/fhir/StructureDefinition/implementationguide-page","valueUri":"Device-sss.html"}],"reference":{"reference":"Device/sss"},"groupingId":"-other"}],"page":{"nameUrl":"toc.html","title":"Table of Contents","generation":"html","page":[{"nameUrl":"index.html","title":"MyIG Home Page","generation":"html"},{"nameUrl":"workflow.html","title":"CDS Workflow","generation":"markdown"},{"nameUrl":"downloads.html","title":"Downloads","generation":"xml"},{"nameUrl":"artifacts.html","title":"Artifacts Summary","generation":"html","page":[{"nameUrl":"StructureDefinition-MLParameterRequest.html","title":"Machine Learning Parameters for obstetrics","generation":"generated"},{"nameUrl":"StructureDefinition-MessageForRequest.html","title":"Message for request","generation":"generated"},{"nameUrl":"StructureDefinition-MessageForCDSS.html","title":"Message for response","generation":"generated"},{"nameUrl":"StructureDefinition-OBSCDSSInitializer.html","title":"Request for prediction","generation":"generated"},{"nameUrl":"StructureDefinition-OBSCDSSFinalizer.html","title":"Prediction","generation":"generated"},{"nameUrl":"StructureDefinition-MessageHeaderCDSS.html","title":"Message for response","generation":"generated"},{"nameUrl":"StructureDefinition-MLModel.html","title":"Machine Learning Model","generation":"generated"},{"nameUrl":"StructureDefinition-MLParameterResponse.html","title":"Machine Learning Parameters for obstetrics","generation":"generated"},{"nameUrl":"ValueSet-ml-type-vs.html","title":"Machine Learning Models value set","generation":"generated"},{"nameUrl":"ValueSet-ml-response-vs.html","title":"Model Responses value set","generation":"generated"},{"nameUrl":"CodeSystem-ml-response-cs.html","title":"Model Responses Code System","generation":"generated"},{"nameUrl":"CodeSystem-ml-type-cs.html","title":"Machine Learning Models code system","generation":"generated"},{"nameUrl":"Communication-sss.html","generation":"generated"},{"nameUrl":"Bundle-MessageForCDSSRequest.html","generation":"generated"},{"nameUrl":"MessageHeader-MessageHeaderCDSSExampleResponse.html","generation":"generated"},{"nameUrl":"Parameters-MLParameterResponseExample.html","generation":"generated"},{"nameUrl":"Bundle-MessageForCDSSResponse.html","generation":"generated"},{"nameUrl":"MessageHeader-MessageHeaderCDSSExampleRequest.html","generation":"generated"},{"nameUrl":"Parameters-MLParameterRequestExample.html","generation":"generated"},{"nameUrl":"CommunicationRequest-OBSCDSSInitializerExample.html","generation":"generated"},{"nameUrl":"Device-sss.html","generation":"generated"}]}]},"parameter":[{"code":"path-resource","value":"input\\history"},{"code":"path-resource","value":"input\\scenarios"},{"code":"path-resource","value":"input/capabilities"},{"code":"path-resource","value":"input/examples"},{"code":"path-resource","value":"input/extensions"},{"code":"path-resource","value":"input/models"},{"code":"path-resource","value":"input/operations"},{"code":"path-resource","value":"input/profiles"},{"code":"path-resource","value":"input/resources"},{"code":"path-resource","value":"input/vocabulary"},{"code":"path-resource","value":"input/testing"},{"code":"path-resource","value":"input/history"},{"code":"path-resource","value":"fsh-generated/resources"},{"code":"path-pages","value":"template/config"},{"code":"path-pages","value":"input/images"},{"code":"path-tx-cache","value":"input-cache/txcache"}]}}