{
  "resourceType" : "ValueSet",
  "id" : "ml-response-vs",
  "text" : {
    "status" : "generated",
    "div" : "<div xmlns=\"http://www.w3.org/1999/xhtml\"><ul><li>Include all codes defined in <a href=\"CodeSystem-ml-response-cs.html\"><code>https://joofio.github.io/obs-cdss-fhir/CodeSystem/ml-response-cs</code></a></li></ul></div>"
  },
  "url" : "https://joofio.github.io/obs-cdss-fhir/ValueSet/ml-response-vs",
  "version" : "0.1.0-test",
  "name" : "MLResponseVS",
  "title" : "Model Responses value set",
  "status" : "active",
  "date" : "2023-05-26T10:36:36+00:00",
  "publisher" : "xxxYour Work Group",
  "contact" : [{
    "telecom" : [{
      "system" : "url",
      "value" : "http://xxhl7.org/Special/committees/[something]"
    }]
  }],
  "description" : "Model Responses value set",
  "jurisdiction" : [{
    "coding" : [{
      "system" : "http://unstats.un.org/unsd/methods/m49/m49.htm",
      "code" : "001"
    }]
  }],
  "compose" : {
    "include" : [{
      "system" : "https://joofio.github.io/obs-cdss-fhir/CodeSystem/ml-response-cs"
    }]
  }
}