[
  {
    "id": "ml-response-cs",
    "type": "CodeSystem",
    "url": "http://hl7.org/fhir/us/example/CodeSystem/ml-response-cs",
    "version": "0.1.0-test",
    "name": "MLResponseCS"
  },
  {
    "id": "ml-type-cs",
    "type": "CodeSystem",
    "url": "http://hl7.org/fhir/us/example/CodeSystem/ml-type-cs",
    "version": "0.1.0-test",
    "name": "MlTypesCS"
  },
  {
    "id": "MLModel",
    "type": "StructureDefinition",
    "url": "http://hl7.org/fhir/us/example/StructureDefinition/MLModel",
    "version": "0.1.0-test",
    "name": "MLModel"
  },
  {
    "id": "MLParameterRequest",
    "type": "StructureDefinition",
    "url": "http://hl7.org/fhir/us/example/StructureDefinition/MLParameterRequest",
    "version": "0.1.0-test",
    "name": "MLParameterRequest"
  },
  {
    "id": "MLParameterResponse",
    "type": "StructureDefinition",
    "url": "http://hl7.org/fhir/us/example/StructureDefinition/MLParameterResponse",
    "version": "0.1.0-test",
    "name": "MLParameterResponse"
  },
  {
    "id": "MessageForCDSS",
    "type": "StructureDefinition",
    "url": "http://hl7.org/fhir/us/example/StructureDefinition/MessageForCDSS",
    "version": "0.1.0-test",
    "name": "MessageForCDSS"
  },
  {
    "id": "MessageForRequest",
    "type": "StructureDefinition",
    "url": "http://hl7.org/fhir/us/example/StructureDefinition/MessageForRequest",
    "version": "0.1.0-test",
    "name": "MessageForRequest"
  },
  {
    "id": "MessageHeaderCDSS",
    "type": "StructureDefinition",
    "url": "http://hl7.org/fhir/us/example/StructureDefinition/MessageHeaderCDSS",
    "version": "0.1.0-test",
    "name": "MessageHeaderCDSS"
  },
  {
    "id": "OBSCDSSFinalizer",
    "type": "StructureDefinition",
    "url": "http://hl7.org/fhir/us/example/StructureDefinition/OBSCDSSFinalizer",
    "version": "0.1.0-test",
    "name": "OBSCDSSFinalizer"
  },
  {
    "id": "OBSCDSSInitializer",
    "type": "StructureDefinition",
    "url": "http://hl7.org/fhir/us/example/StructureDefinition/OBSCDSSInitializer",
    "version": "0.1.0-test",
    "name": "OBSCDSSInitializer"
  },
  {
    "id": "ml-response-vs",
    "type": "ValueSet",
    "url": "http://hl7.org/fhir/us/example/ValueSet/ml-response-vs",
    "version": "0.1.0-test",
    "name": "MLResponseVS"
  },
  {
    "id": "ml-type-vs",
    "type": "ValueSet",
    "url": "http://hl7.org/fhir/us/example/ValueSet/ml-type-vs",
    "version": "0.1.0-test",
    "name": "MlTypesVS"
  },
  {
    "id": "xxexample.fhir.uv.myig",
    "type": "ImplementationGuide",
    "url": "http://xxsomewhere.org/fhir/myig/ImplementationGuide/xxexample.fhir.uv.myig",
    "version": "0.1.0-test",
    "name": "XXYourComputableMyIGNameHere"
  }
]