<?xml version="1.0" encoding="UTF-8"?>

<CodeSystem xmlns="http://hl7.org/fhir">
  <id value="ml-type-cs"/>
  <text>
    <status value="generated"/><div xmlns="http://www.w3.org/1999/xhtml">Placeholder</div>
  </text>
  <url value="https://joofio.github.io/obs-cdss-fhir/CodeSystem/ml-type-cs"/>
  <version value="0.1.0"/>
  <name value="MlTypesCS"/>
  <title value="Machine Learning Models code system"/>
  <status value="draft"/>
  <date value="2023-09-10T21:33:21+00:00"/>
  <description value="Machine Learning Models code system"/>
  <content value="complete"/>
  <count value="5"/>
  <concept>
    <code value="DT"/>
    <display value="Decision Trees"/>
    <definition value="Decision Trees"/>
  </concept>
  <concept>
    <code value="RF"/>
    <display value="Random Forests"/>
    <definition value="Random Forests"/>
  </concept>
  <concept>
    <code value="XGBOOST"/>
    <display value="Extreme Gradient Boosting"/>
    <definition value="Extreme Gradient Boosting"/>
  </concept>
  <concept>
    <code value="LGBM"/>
    <display value="Light Gradient Boosting"/>
    <definition value="Light Gradient Boosting"/>
  </concept>
  <concept>
    <code value="BAYES"/>
    <display value="Bayesian"/>
    <definition value="Bayesian"/>
  </concept>
</CodeSystem>