<?xml version="1.0" encoding="UTF-8"?>

<CodeSystem xmlns="http://hl7.org/fhir">
  <id value="ml-response-cs"/>
  <text>
    <status value="generated"/><div xmlns="http://www.w3.org/1999/xhtml">Placeholder</div>
  </text>
  <url value="https://joofio.github.io/obs-cdss-fhir/CodeSystem/ml-response-cs"/>
  <version value="0.1.0"/>
  <name value="MLResponseCS"/>
  <title value="Model Responses Code System"/>
  <status value="draft"/>
  <date value="2023-09-10T21:33:21+00:00"/>
  <description value="Model Responses Code System"/>
  <content value="complete"/>
  <count value="3"/>
  <concept>
    <code value="OK"/>
    <display value="Level Ok"/>
    <definition value="Level Ok"/>
  </concept>
  <concept>
    <code value="WARN"/>
    <display value="Warning level 1"/>
    <definition value="Warning level 1"/>
  </concept>
  <concept>
    <code value="NOK"/>
    <display value="Error level"/>
    <definition value="Error level"/>
  </concept>
</CodeSystem>