{
  "resourceType": "Communication",
  "id": "sss",
  "meta": {
    "profile": [
      "https://joofio.github.io/obs-cdss-fhir//StructureDefinition/OBSCDSSFinalizer"
    ]
  },
  "text": {
    "status": "generated",
    "div": "<div xmlns=\"http://www.w3.org/1999/xhtml\"><p><b>Generated Narrative</b></p><div style=\"display: inline-block; background-color: #d9e0e7; padding: 6px; margin: 4px; border: 1px solid #8da1b4; border-radius: 5px; line-height: 60%\"><p style=\"margin-bottom: 0px\">Resource \"sss\" </p><p style=\"margin-bottom: 0px\">Profile: <a href=\"StructureDefinition-OBSCDSSFinalizer.html\">Prediction</a></p></div><p><b>status</b>: completed</p><p><b>category</b>: instruction <span style=\"background: LightGoldenRodYellow; margin: 4px; border: 1px solid khaki\"> ([not stated]#instruction)</span></p><p><b>sent</b>: 2020-01-01 12:00:00+0000</p><p><b>received</b>: 2020-01-01 12:00:00+0000</p><p><b>sender</b>: <a href=\"Device-sss.html\">Device/sss</a></p><h3>Payloads</h3><table class=\"grid\"><tr><td>-</td><td><b>Content[x]</b></td></tr><tr><td>*</td><td><a href=\"Parameters-MLParameterResponseExample.html\">Parameters/MLParameterResponseExample</a></td></tr></table></div>"
  },
  "status": "completed",
  "category": [
    {
      "coding": [
        {
          "code": "instruction"
        }
      ]
    }
  ],
  "sent": "2020-01-01T00:00:00Z",
  "received": "2020-01-01T00:00:00Z",
  "sender": {
    "reference": "Device/sss"
  },
  "payload": [
    {
      "contentReference": {
        "reference": "Parameters/MLParameterResponseExample"
      }
    }
  ]
}