{
  "resourceType": "Device",
  "id": "sss",
  "meta": {
    "profile": [
      "http://hl7.org/fhir/us/example/StructureDefinition/MLModel"
    ]
  },
  "text": {
    "status": "generated",
    "div": "<div xmlns=\"http://www.w3.org/1999/xhtml\"><p><b>Generated Narrative</b></p><div style=\"display: inline-block; background-color: #d9e0e7; padding: 6px; margin: 4px; border: 1px solid #8da1b4; border-radius: 5px; line-height: 60%\"><p style=\"margin-bottom: 0px\">Resource \"sss\" </p><p style=\"margin-bottom: 0px\">Profile: <a href=\"StructureDefinition-MLModel.html\">Machine Learning Model</a></p></div><p><b>identifier</b>: id: sss</p><p><b>status</b>: completed</p><p><b>type</b>: Light Gradient Boosting <span style=\"background: LightGoldenRodYellow; margin: 4px; border: 1px solid khaki\"> (<a href=\"CodeSystem-ml-type-cs.html\">Machine Learning Models code system</a>#LGBM)</span></p><h3>Versions</h3><table class=\"grid\"><tr><td>-</td><td><b>Value</b></td></tr><tr><td>*</td><td>1</td></tr></table></div>"
  },
  "identifier": [
    {
      "value": "sss"
    }
  ],
  "status": "completed",
  "type": {
    "coding": [
      {
        "system": "http://hl7.org/fhir/us/example/CodeSystem/ml-type-cs",
        "code": "LGBM"
      }
    ]
  },
  "version": [
    {
      "value": "1"
    }
  ]
}