{
  "resourceType" : "MessageHeader",
  "id" : "MessageHeaderCDSSExampleResponse",
  "meta" : {
    "profile" : ["https://joofio.github.io/obs-cdss-fhir/StructureDefinition/MessageHeaderCDSS"]
  },
  "text" : {
    "status" : "generated",
    "div" : "<div xmlns=\"http://www.w3.org/1999/xhtml\"><p><b>Generated Narrative: MessageHeader</b><a name=\"MessageHeaderCDSSExampleResponse\"> </a></p><div style=\"display: inline-block; background-color: #d9e0e7; padding: 6px; margin: 4px; border: 1px solid #8da1b4; border-radius: 5px; line-height: 60%\"><p style=\"margin-bottom: 0px\">Resource MessageHeader &quot;MessageHeaderCDSSExampleResponse&quot; </p><p style=\"margin-bottom: 0px\">Profile: <a href=\"StructureDefinition-MessageHeaderCDSS.html\">Message Header for request and response</a></p></div><p><b>event</b>: obs-cds (Details: [not stated] code obs-cds = 'obs-cds', stated as 'null')</p><h3>Destinations</h3><table class=\"grid\"><tr><td>-</td><td><b>Name</b></td></tr><tr><td>*</td><td>Requester</td></tr></table><h3>Sources</h3><table class=\"grid\"><tr><td>-</td><td><b>Name</b></td></tr><tr><td>*</td><td>CDSS-system</td></tr></table></div>"
  },
  "eventCoding" : {
    "code" : "obs-cds"
  },
  "destination" : [{
    "name" : "Requester"
  }],
  "source" : {
    "name" : "CDSS-system"
  }
}