<?xml version="1.0" encoding="UTF-8"?>

<OperationDefinition xmlns="http://hl7.org/fhir">
  <id value="predict"/>
  <text>
    <status value="extensions"/><div xmlns="http://www.w3.org/1999/xhtml">Placeholder</div>
  </text>
  <url value="http://hl7.pt/fhir/OperationDefinition/predict"/>
  <version value="0.1.0"/>
  <name value="predict"/>
  <title value="predict"/>
  <status value="active"/>
  <kind value="operation"/>
  <date value="2023-09-10T21:33:21+00:00"/>
  <affectsState value="false"/>
  <code value="predict"/>
  <system value="true"/>
  <type value="false"/>
  <instance value="false"/>
  <parameter>
    <name value="parameters"/>
    <use value="in"/>
    <min value="1"/>
    <max value="1"/>
    <documentation value="Set of parameters"/>
    <type value="Bundle"/>
  </parameter>
  <parameter>
    <name value="prediction"/>
    <use value="out"/>
    <min value="1"/>
    <max value="1"/>
    <documentation value="Prediction"/>
    <type value="Bundle"/>
  </parameter>
</OperationDefinition>