{
  "package": "obs.cdss.ig",
  "version": "0.1.0",
  "fhirVersion": "5.0.0",
  "extensions": [],
  "profiles": {
    "Device": [
      {
        "url": "https://joofio.github.io/obs-cdss-fhir/StructureDefinition/MLModel",
        "title": "Machine Learning Model"
      }
    ],
    "Bundle": [
      {
        "url": "https://joofio.github.io/obs-cdss-fhir/StructureDefinition/MessageForCDSS",
        "title": "Message bundle for request or response"
      }
    ],
    "MessageHeader": [
      {
        "url": "https://joofio.github.io/obs-cdss-fhir/StructureDefinition/MessageHeaderCDSS",
        "title": "Message Header for request and response"
      }
    ]
  },
  "usage": {
    "http://hl7.org/fhir/StructureDefinition/elementdefinition-bestpractice": [
      "StructureDefinition.snapshot.element.constraint"
    ],
    "http://hl7.org/fhir/StructureDefinition/elementdefinition-bestpractice-explanation": [
      "StructureDefinition.snapshot.element.constraint"
    ],
    "http://hl7.org/fhir/StructureDefinition/elementdefinition-bindingName": [
      "StructureDefinition.snapshot.element.binding"
    ],
    "http://hl7.org/fhir/StructureDefinition/structuredefinition-fhir-type": [
      "StructureDefinition.snapshot.element.type"
    ],
    "http://hl7.org/fhir/StructureDefinition/structuredefinition-hierarchy": [
      "StructureDefinition.snapshot.element.type"
    ],
    "http://hl7.org/fhir/tools/StructureDefinition/ig-internal-dependency": [
      "ImplementationGuide.definition"
    ],
    "http://hl7.org/fhir/tools/StructureDefinition/implementationguide-dependency-comment": [
      "ImplementationGuide.dependsOn"
    ],
    "http://hl7.org/fhir/tools/StructureDefinition/resource-information": [
      "ImplementationGuide.definition.resource"
    ]
  }
}