{
  "resourceType" : "ValueSet",
  "id" : "ml-response-vs",
  "text" : {
    "status" : "generated",
    "div" : "<div xmlns=\"http://www.w3.org/1999/xhtml\"><ul><li>Include all codes defined in <a href=\"CodeSystem-ml-response-cs.html\"><code>https://joofio.github.io/obs-cdss-fhir/CodeSystem/ml-response-cs</code></a></li></ul></div>"
  },
  "url" : "https://joofio.github.io/obs-cdss-fhir/ValueSet/ml-response-vs",
  "version" : "0.1.0",
  "name" : "MLResponseVS",
  "title" : "Model Responses value set",
  "status" : "active",
  "date" : "2023-06-03T17:27:06+00:00",
  "description" : "Model Responses value set",
  "compose" : {
    "include" : [{
      "system" : "https://joofio.github.io/obs-cdss-fhir/CodeSystem/ml-response-cs"
    }]
  }
}